inventory_item_id,location_id,available,updated_at,admin_graphql_api_id,product_id,product_title,variant_id,variant_title,variant_sku,variant_price,location_name,location_address1,location_city,location_country,sku,cost,country_code_of_origin,province_code_of_origin,harmonized_system_code,tracked
41588620525733,61565862053,0.0,2022-03-24T03:01:30-07:00,gid://shopify/InventoryLevel/95878938789?inventory_item_id=41588620525733,6607648096421,The Rakess,39494379929765,Default Title,,5.00,Bubbles and Books LLC,Bubbles and Books LLC,San Francisco,US,,3.99,US,,,True
41596688335013,61565862053,3.0,2021-03-29T08:27:18-07:00,gid://shopify/InventoryLevel/95878938789?inventory_item_id=41596688335013,6610116903077,"Love, Unscripted",39502448918693,Default Title,,5.00,Bubbles and Books LLC,Bubbles and Books LLC,San Francisco,US,,2.00,US,,,True
41596889268389,61565862053,2.0,2024-01-15T13:32:06-08:00,gid://shopify/InventoryLevel/95878938789?inventory_item_id=41596889268389,6610168676517,Leopard's Run,39502649852069,Default Title,,5.00,Bubbles and Books LLC,Bubbles and Books LLC,San Francisco,US,,2.00,US,,,True
41598104371365,61565862053,23.0,2021-03-29T12:09:52-07:00,gid://shopify/InventoryLevel/95878938789?inventory_item_id=41598104371365,6610520735909,The Taken: Celestial Blues,39503854895269,Default Title,,5.00,Bubbles and Books LLC,Bubbles and Books LLC,San Francisco,US,,2.00,US,,,True
41598112530597,61565862053,8.0,2021-03-29T12:12:09-07:00,gid://shopify/InventoryLevel/95878938789?inventory_item_id=41598112530597,6610524897445,Kiss of Pride: A Deadly Angels Book,39503863054501,Default Title,,5.00,Bubbles and Books LLC,Bubbles and Books LLC,San Francisco,US,,2.00,US,,,True
41598227972261,61565862053,1.0,2023-01-21T10:58:03-08:00,gid://shopify/InventoryLevel/95878938789?inventory_item_id=41598227972261,6610594726053,Order of Protection,39503978496165,Default Title,,5.00,Bubbles and Books LLC,Bubbles and Books LLC,San Francisco,US,,2.00,US,,,True
41598362648741,61565862053,0.0,2024-04-04T22:57:15-07:00,gid://shopify/InventoryLevel/95878938789?inventory_item_id=41598362648741,6610674188453,The Honey Don't List,39504113172645,Default Title,,5.00,Bubbles and Books LLC,Bubbles and Books LLC,San Francisco,US,,2.00,US,,,True
41653927641253,61565862053,1.0,2021-11-13T08:54:19-08:00,gid://shopify/InventoryLevel/95878938789?inventory_item_id=41653927641253,6627938238629,Bubbles and Books Custom Mug,39559652638885,Default Title,,10.00,Bubbles and Books LLC,Bubbles and Books LLC,San Francisco,US,,4.50,US,,,True
42910293852325,61565862053,,2024-01-07T17:36:47-08:00,gid://shopify/InventoryLevel/95878938789?inventory_item_id=42910293852325,7016233533605,Contemporary Romance: Premium Box,40814030323877,Default Title,,49.99,Bubbles and Books LLC,Bubbles and Books LLC,San Francisco,US,,22.00,,,,False
42910487576741,61565862053,,2024-07-29T21:09:10-07:00,gid://shopify/InventoryLevel/95878938789?inventory_item_id=42910487576741,7025940856997,Paranormal Romance: Standard Box,40814224048293,Default Title,,34.99,Bubbles and Books LLC,Bubbles and Books LLC,San Francisco,US,,17.00,,,,False
42910487707813,61565862053,,2024-07-29T21:09:11-07:00,gid://shopify/InventoryLevel/95878938789?inventory_item_id=42910487707813,7025954291877,Historical Romance: Standard Box,40814224179365,Default Title,,34.99,Bubbles and Books LLC,Bubbles and Books LLC,San Francisco,US,,17.00,,,,False
42910487806117,61565862053,46.0,2024-07-29T21:09:06-07:00,gid://shopify/InventoryLevel/95878938789?inventory_item_id=42910487806117,7025968480421,Mystery & Thrillers: Standard Box,40814224277669,Default Title,,34.99,Bubbles and Books LLC,Bubbles and Books LLC,San Francisco,US,,17.00,US,,,True
42849834893477,61565862053,20.0,2024-04-24T22:56:25-07:00,gid://shopify/InventoryLevel/95878938789?inventory_item_id=42849834893477,7027758694565,Contemporary Romance: Standard Box,40753640439973,Default Title,,34.99,Bubbles and Books LLC,Bubbles and Books LLC,San Francisco,US,,18.00,,,,True
42902235578533,61565862053,19.0,2024-07-27T13:00:47-07:00,gid://shopify/InventoryLevel/95878938789?inventory_item_id=42902235578533,7043922165925,3 Months - Standard Subscriptions,40805982765221,Contemporary Romance,,98.00,Bubbles and Books LLC,Bubbles and Books LLC,San Francisco,US,,,US,,,True
42902235611301,61565862053,16.0,2024-06-29T09:23:05-07:00,gid://shopify/InventoryLevel/95878938789?inventory_item_id=42902235611301,7043922165925,3 Months - Standard Subscriptions,40805982797989,Paranormal Romance,,98.00,Bubbles and Books LLC,Bubbles and Books LLC,San Francisco,US,,,US,,,True
42902235644069,61565862053,10.0,2024-04-22T09:22:55-07:00,gid://shopify/InventoryLevel/95878938789?inventory_item_id=42902235644069,7043922165925,3 Months - Standard Subscriptions,40805982830757,Historical Romance,,98.00,Bubbles and Books LLC,Bubbles and Books LLC,San Francisco,US,,,US,,,True
42902277423269,61565862053,28.0,2024-07-09T10:20:20-07:00,gid://shopify/InventoryLevel/95878938789?inventory_item_id=42902277423269,7043922165925,3 Months - Standard Subscriptions,40806024544421,Mystery & Thrillers,,98.00,Bubbles and Books LLC,Bubbles and Books LLC,San Francisco,US,,,US,,,True
45772150046885,61565862053,10.0,2024-05-07T16:53:40-07:00,gid://shopify/InventoryLevel/95878938789?inventory_item_id=45772150046885,7043922165925,3 Months - Standard Subscriptions,43670773301413,Surprise Box,,98.00,Bubbles and Books LLC,Bubbles and Books LLC,San Francisco,US,,55.00,US,,,True
42902321954981,61565862053,20.0,2024-04-01T22:13:10-07:00,gid://shopify/InventoryLevel/95878938789?inventory_item_id=42902321954981,7043989831845,6 Months - Standard Subscriptions,40806069010597,Contemporary Romance,,185.00,Bubbles and Books LLC,Bubbles and Books LLC,San Francisco,US,,,US,,,True
42902321987749,61565862053,20.0,2024-04-01T22:13:10-07:00,gid://shopify/InventoryLevel/95878938789?inventory_item_id=42902321987749,7043989831845,6 Months - Standard Subscriptions,40806069043365,Paranormal Romance,,185.00,Bubbles and Books LLC,Bubbles and Books LLC,San Francisco,US,,,US,,,True
42902322020517,61565862053,11.0,2024-04-01T22:13:10-07:00,gid://shopify/InventoryLevel/95878938789?inventory_item_id=42902322020517,7043989831845,6 Months - Standard Subscriptions,40806069076133,Historical Romance,,185.00,Bubbles and Books LLC,Bubbles and Books LLC,San Francisco,US,,,US,,,True
42902322053285,61565862053,24.0,2024-07-10T09:23:50-07:00,gid://shopify/InventoryLevel/95878938789?inventory_item_id=42902322053285,7043989831845,6 Months - Standard Subscriptions,40806069108901,Mystery & Thrillers,,185.00,Bubbles and Books LLC,Bubbles and Books LLC,San Francisco,US,,,US,,,True
45772150603941,61565862053,5.0,2024-05-07T16:55:15-07:00,gid://shopify/InventoryLevel/95878938789?inventory_item_id=45772150603941,7043989831845,6 Months - Standard Subscriptions,43670773858469,Surprise Box,,185.00,Bubbles and Books LLC,Bubbles and Books LLC,San Francisco,US,,,US,,,True
42902352756901,61565862053,20.0,2024-04-01T22:13:11-07:00,gid://shopify/InventoryLevel/95878938789?inventory_item_id=42902352756901,7043996975269,12 Months - Standard Subscriptions,40806100172965,Contemporary Romance,,357.00,Bubbles and Books LLC,Bubbles and Books LLC,San Francisco,US,,,US,,,True
42902352789669,61565862053,20.0,2024-04-01T22:13:10-07:00,gid://shopify/InventoryLevel/95878938789?inventory_item_id=42902352789669,7043996975269,12 Months - Standard Subscriptions,40806100271269,Paranormal Romance,,357.00,Bubbles and Books LLC,Bubbles and Books LLC,San Francisco,US,,,US,,,True
42902352822437,61565862053,11.0,2024-04-01T22:13:10-07:00,gid://shopify/InventoryLevel/95878938789?inventory_item_id=42902352822437,7043996975269,12 Months - Standard Subscriptions,40806100336805,Historical Romance,,357.00,Bubbles and Books LLC,Bubbles and Books LLC,San Francisco,US,,,US,,,True
42902352887973,61565862053,30.0,2024-04-01T22:13:10-07:00,gid://shopify/InventoryLevel/95878938789?inventory_item_id=42902352887973,7043996975269,12 Months - Standard Subscriptions,40806100402341,Mystery & Thrillers,,357.00,Bubbles and Books LLC,Bubbles and Books LLC,San Francisco,US,,,US,,,True
45772150407333,61565862053,5.0,2024-05-07T16:54:41-07:00,gid://shopify/InventoryLevel/95878938789?inventory_item_id=45772150407333,7043996975269,12 Months - Standard Subscriptions,43670773661861,Surprise Box,,357.00,Bubbles and Books LLC,Bubbles and Books LLC,San Francisco,US,,,US,,,True
42910357225637,61565862053,50.0,2024-04-24T22:58:26-07:00,gid://shopify/InventoryLevel/95878938789?inventory_item_id=42910357225637,7046779797669,Historical Romance: Premium Box,40814093697189,Default Title,,49.99,Bubbles and Books LLC,Bubbles and Books LLC,San Francisco,US,,22.00,,,,True
42910376689829,61565862053,49.0,2024-04-25T22:50:05-07:00,gid://shopify/InventoryLevel/95878938789?inventory_item_id=42910376689829,7046786318501,Mystery & Thrillers: Premium Box,40814113161381,Default Title,,49.99,Bubbles and Books LLC,Bubbles and Books LLC,San Francisco,US,,22.00,,,,True
42960245031077,61565862053,10.0,2024-04-01T22:13:10-07:00,gid://shopify/InventoryLevel/95878938789?inventory_item_id=42960245031077,7061908160677,6 Months - Premium,40863915835557,Contemporary Romance,,258.00,Bubbles and Books LLC,Bubbles and Books LLC,San Francisco,US,,,US,,,True
42960245063845,61565862053,5.0,2024-04-01T22:13:10-07:00,gid://shopify/InventoryLevel/95878938789?inventory_item_id=42960245063845,7061908160677,6 Months - Premium,40863915868325,Paranormal Romance,,258.00,Bubbles and Books LLC,Bubbles and Books LLC,San Francisco,US,,,US,,,True
42960245096613,61565862053,5.0,2024-04-01T22:13:11-07:00,gid://shopify/InventoryLevel/95878938789?inventory_item_id=42960245096613,7061908160677,6 Months - Premium,40863915901093,Historical Romance,,258.00,Bubbles and Books LLC,Bubbles and Books LLC,San Francisco,US,,,US,,,True
42960245129381,61565862053,5.0,2024-08-03T10:46:25-07:00,gid://shopify/InventoryLevel/95878938789?inventory_item_id=42960245129381,7061908160677,6 Months - Premium,40863915933861,Mystery & Thrillers,,258.00,Bubbles and Books LLC,Bubbles and Books LLC,San Francisco,US,,,US,,,True
45772150571173,61565862053,5.0,2024-05-07T16:55:05-07:00,gid://shopify/InventoryLevel/95878938789?inventory_item_id=45772150571173,7061908160677,6 Months - Premium,43670773825701,Surprise Box,,258.00,Bubbles and Books LLC,Bubbles and Books LLC,San Francisco,US,,,US,,,True
42960881451173,61565862053,1.0,2024-07-17T09:24:25-07:00,gid://shopify/InventoryLevel/95878938789?inventory_item_id=42960881451173,7062035857573,12 Months - Premium,40864552124581,Contemporary Romance,,501.00,Bubbles and Books LLC,Bubbles and Books LLC,San Francisco,US,,,US,,,True
42960881483941,61565862053,10.0,2024-04-01T22:13:13-07:00,gid://shopify/InventoryLevel/95878938789?inventory_item_id=42960881483941,7062035857573,12 Months - Premium,40864552157349,Paranormal Romance,,501.00,Bubbles and Books LLC,Bubbles and Books LLC,San Francisco,US,,,US,,,True
42960881516709,61565862053,0.0,2024-08-08T09:31:46-07:00,gid://shopify/InventoryLevel/95878938789?inventory_item_id=42960881516709,7062035857573,12 Months - Premium,40864552190117,Historical Romance,,501.00,Bubbles and Books LLC,Bubbles and Books LLC,San Francisco,US,,,,,,
42960881549477,61565862053,4.0,2024-08-02T09:36:51-07:00,gid://shopify/InventoryLevel/95878938789?inventory_item_id=42960881549477,7062035857573,12 Months - Premium,40864552222885,Mystery & Thrillers,,501.00,Bubbles and Books LLC,Bubbles and Books LLC,San Francisco,US,,,,,,
45772150374565,61565862053,5.0,2024-05-07T16:54:30-07:00,gid://shopify/InventoryLevel/95878938789?inventory_item_id=45772150374565,7062035857573,12 Months - Premium,43670773629093,Surprise Box,,501.00,Bubbles and Books LLC,Bubbles and Books LLC,San Francisco,US,,,,,,
42960917168293,61565862053,5.0,2024-07-13T09:26:40-07:00,gid://shopify/InventoryLevel/95878938789?inventory_item_id=42960917168293,7062039920805,3 Months - Premium,40864587874469,Contemporary Romance,,134.00,,,,,,,US,,,True
42960917233829,61565862053,4.0,2024-05-11T22:37:25-07:00,gid://shopify/InventoryLevel/95878938789?inventory_item_id=42960917233829,7062039920805,3 Months - Premium,40864587907237,Paranormal Romance,,134.00,,,,,,,US,,,True
42960917266597,61565862053,5.0,2024-04-01T22:13:11-07:00,gid://shopify/InventoryLevel/95878938789?inventory_item_id=42960917266597,7062039920805,3 Months - Premium,40864587940005,Historical Romance,,134.00,,,,,,,US,,,True
42960917299365,61565862053,5.0,2024-07-28T21:08:45-07:00,gid://shopify/InventoryLevel/95878938789?inventory_item_id=42960917299365,7062039920805,3 Months - Premium,40864587972773,Mystery & Thrillers,,134.00,,,,,,,,,,
45772150440101,61565862053,5.0,2024-05-07T16:54:56-07:00,gid://shopify/InventoryLevel/95878938789?inventory_item_id=45772150440101,7062039920805,3 Months - Premium,43670773694629,Surprise Box,,134.00,Bubbles and Books LLC,Bubbles and Books LLC,San Francisco,US,,,,,,
43014361055397,61565862053,50.0,2024-04-24T22:59:45-07:00,gid://shopify/InventoryLevel/95878938789?inventory_item_id=43014361055397,7078955843749,Paranormal Romance: Premium Box,40917921333413,Default Title,,49.99,Bubbles and Books LLC,Bubbles and Books LLC,San Francisco,US,,,,,,
43040745750693,61565862053,10.0,2023-10-04T04:04:50-07:00,gid://shopify/InventoryLevel/95878938789?inventory_item_id=43040745750693,7088888479909,12 Days of Self Care Countdown Box,40944272965797,Contemporary Romance,,85.00,Bubbles and Books LLC,Bubbles and Books LLC,San Francisco,US,,,,,,
43040745783461,61565862053,10.0,2023-10-04T04:04:50-07:00,gid://shopify/InventoryLevel/95878938789?inventory_item_id=43040745783461,7088888479909,12 Days of Self Care Countdown Box,40944272998565,Historical Romance,,85.00,,,,,,36.00,,,,True
43040745816229,61565862053,10.0,2023-10-04T04:04:51-07:00,gid://shopify/InventoryLevel/95878938789?inventory_item_id=43040745816229,7088888479909,12 Days of Self Care Countdown Box,40944273031333,Paranormal Romance,,85.00,,,,,,36.00,,,,True
43040745848997,61565862053,8.0,2023-11-15T17:13:20-08:00,gid://shopify/InventoryLevel/95878938789?inventory_item_id=43040745848997,7088888479909,12 Days of Self Care Countdown Box,40944273064101,Mystery & Thrillers,,85.00,,,,,,36.00,,,,True
43123948748965,61565862053,5.0,2023-10-31T06:58:56-07:00,gid://shopify/InventoryLevel/95878938789?inventory_item_id=43123948748965,7129627066533,Trick or Read,41027175973029,Contemporary Romance,,38.00,,,,,,,,,,
43123948781733,61565862053,5.0,2023-10-31T06:58:55-07:00,gid://shopify/InventoryLevel/95878938789?inventory_item_id=43123948781733,7129627066533,Trick or Read,41027176005797,Historical Romance,,38.00,Bubbles and Books LLC,Bubbles and Books LLC,San Francisco,US,,,,,,
43123948814501,61565862053,3.0,2023-11-25T09:09:16-08:00,gid://shopify/InventoryLevel/95878938789?inventory_item_id=43123948814501,7129627066533,Trick or Read,41027176038565,Paranormal Romance,,38.00,Bubbles and Books LLC,Bubbles and Books LLC,San Francisco,US,,,,,,
43123948847269,61565862053,5.0,2023-10-31T06:58:56-07:00,gid://shopify/InventoryLevel/95878938789?inventory_item_id=43123948847269,7129627066533,Trick or Read,41027176071333,Mystery/Thriller,,38.00,Bubbles and Books LLC,Bubbles and Books LLC,San Francisco,US,,,,,,
44743525826725,61565862053,5.0,2023-10-31T06:58:53-07:00,gid://shopify/InventoryLevel/95878938789?inventory_item_id=44743525826725,7129627066533,Trick or Read,42642978963621,Young Adult (YA),,38.00,,,,,,,,,,True
43124392689829,61565862053,,2021-10-23T08:32:31-07:00,gid://shopify/InventoryLevel/95878938789?inventory_item_id=43124392689829,7129833963685,E-Gift Card for Bubbles and Books,41027618930853,$10.00,,10.00,,,,,,,,,,False
43124392722597,61565862053,,2022-09-08T07:54:31-07:00,gid://shopify/InventoryLevel/95878938789?inventory_item_id=43124392722597,7129833963685,E-Gift Card for Bubbles and Books,41027618963621,$25.00,,25.00,,,,,,,,,,False
43124392755365,61565862053,,2023-12-18T18:41:00-08:00,gid://shopify/InventoryLevel/95878938789?inventory_item_id=43124392755365,7129833963685,E-Gift Card for Bubbles and Books,41027618996389,$50.00,,50.00,,,,,,,,,,
43124392788133,61565862053,,2023-12-18T18:41:00-08:00,gid://shopify/InventoryLevel/95878938789?inventory_item_id=43124392788133,7129833963685,E-Gift Card for Bubbles and Books,41027619029157,$100.00,,100.00,Bubbles and Books LLC,Bubbles and Books LLC,San Francisco,US,,,,,,
44343863247013,61565862053,,2023-02-21T17:47:36-08:00,gid://shopify/InventoryLevel/95878938789?inventory_item_id=44343863247013,7129833963685,E-Gift Card for Bubbles and Books,42244485709989,$65.00,,65.00,Bubbles and Books LLC,Bubbles and Books LLC,San Francisco,US,,,,,,
43144170930341,61565862053,50.0,2024-04-24T23:00:15-07:00,gid://shopify/InventoryLevel/95878938789?inventory_item_id=43144170930341,7144569077925,Surprise Genre: Standard Box,41047370367141,Default Title,,34.99,Bubbles and Books LLC,Bubbles and Books LLC,San Francisco,US,,17.00,,,,True
43144192721061,61565862053,49.0,2024-04-30T19:56:26-07:00,gid://shopify/InventoryLevel/95878938789?inventory_item_id=43144192721061,7144590049445,Surprise Genre: Premium Box,41047392157861,Default Title,,49.99,,,,,,,,,,
43156860043429,61565862053,5.0,2023-02-23T08:30:30-08:00,gid://shopify/InventoryLevel/95878938789?inventory_item_id=43156860043429,7156831617189,Mojito Bath Bomb Dust,41060040900773,Default Title,,5.00,Bubbles and Books LLC,Bubbles and Books LLC,San Francisco,US,,,,,,
43210098180261,61565862053,5.0,2022-04-05T03:20:10-07:00,gid://shopify/InventoryLevel/95878938789?inventory_item_id=43210098180261,7200247775397,Sandcastle Beach,41112881889445,Default Title,,5.00,Bubbles and Books LLC,Bubbles and Books LLC,San Francisco,US,,,,,,
43210107093157,61565862053,5.0,2022-03-10T13:12:41-08:00,gid://shopify/InventoryLevel/95878938789?inventory_item_id=43210107093157,7200258326693,Sunrise Cabin,41112890802341,Default Title,,4.50,Bubbles and Books LLC,Bubbles and Books LLC,San Francisco,US,,,,,,
43210121183397,61565862053,6.0,2021-11-15T10:35:36-08:00,gid://shopify/InventoryLevel/95878938789?inventory_item_id=43210121183397,7200277987493,The Vineyard,41112904892581,Default Title,,6.00,Bubbles and Books LLC,Bubbles and Books LLC,San Francisco,US,,,,,,
43210127376549,61565862053,63.0,2022-10-23T13:15:35-07:00,gid://shopify/InventoryLevel/95878938789?inventory_item_id=43210127376549,7200285360293,Mr. Nice Guy,41112911085733,Default Title,,5.00,Bubbles and Books LLC,Bubbles and Books LLC,San Francisco,US,,,,,,
43210135830693,61565862053,43.0,2021-11-15T10:40:36-08:00,gid://shopify/InventoryLevel/95878938789?inventory_item_id=43210135830693,7200296992933,How to Catch a Duke,41112919539877,Default Title,,5.00,Bubbles and Books LLC,Bubbles and Books LLC,San Francisco,US,,,,,,
43210160177317,61565862053,1.0,2023-12-02T15:28:55-08:00,gid://shopify/InventoryLevel/95878938789?inventory_item_id=43210160177317,7200329367717,Marry Me at Sundown,41112943755429,Default Title,,4.50,,,,,,3.99,US,,,True
43210172989605,61565862053,2.0,2023-11-24T11:32:50-08:00,gid://shopify/InventoryLevel/95878938789?inventory_item_id=43210172989605,7200342638757,Rest in Pieces,41112956534949,Default Title,,5.00,,,,,,3.00,US,,,True
43210176430245,61565862053,0.0,2024-04-01T22:13:10-07:00,gid://shopify/InventoryLevel/95878938789?inventory_item_id=43210176430245,7200347848869,Amaryllis,41112959975589,Default Title,,5.00,,,,,,,US,,,True
43210188914853,61565862053,24.0,2021-11-15T10:58:25-08:00,gid://shopify/InventoryLevel/95878938789?inventory_item_id=43210188914853,7200366624933,Smoke Bitten,41112972460197,Default Title,,5.00,,,,,,3.99,US,,,True
43226422050981,61565862053,0.0,2023-01-21T10:51:03-08:00,gid://shopify/InventoryLevel/95878938789?inventory_item_id=43226422050981,7215255716005,Mermaid Lagoon Moisture Melt,41129045000357,Default Title,,4.00,,,,,,,,,,
43227406631077,61565862053,1.0,2022-01-24T17:50:31-08:00,gid://shopify/InventoryLevel/95878938789?inventory_item_id=43227406631077,7217000415397,How the Dukes Stole Christmas,41130030629029,Default Title,,5.00,Bubbles and Books LLC,Bubbles and Books LLC,San Francisco,US,,,,,,
43227407515813,61565862053,0.0,2024-04-04T22:58:41-07:00,gid://shopify/InventoryLevel/95878938789?inventory_item_id=43227407515813,7217004806309,Christmas on Mistletoe Lane,41130031513765,Default Title,,9.00,Bubbles and Books LLC,Bubbles and Books LLC,San Francisco,US,,,,,,
43227409842341,61565862053,2.0,2023-11-25T20:41:45-08:00,gid://shopify/InventoryLevel/95878938789?inventory_item_id=43227409842341,7217016340645,Bath Pillow,41130033840293,Default Title,,10.00,Bubbles and Books LLC,Bubbles and Books LLC,San Francisco,US,,,,,,
43401859268773,61565862053,0.0,2022-02-02T18:36:56-08:00,gid://shopify/InventoryLevel/95878938789?inventory_item_id=43401859268773,7432980267173,Super Surprise Soaker Box - Complete Box,41304113447077,Default Title,,15.00,,,,,,15.00,,,,True
43505863819429,61565862053,3.0,2023-02-23T08:30:31-08:00,gid://shopify/InventoryLevel/95878938789?inventory_item_id=43505863819429,7545356320933,Find You First,41407812370597,Default Title,,5.00,,,,,,3.99,US,,,True
43505948164261,61565862053,0.0,2023-02-25T06:22:17-08:00,gid://shopify/InventoryLevel/95878938789?inventory_item_id=43505948164261,7545385222309,The Returned: An American Faerie Tale,41407896715429,Default Title,,5.00,,,,,,3.99,US,,,True
43531418501285,61565862053,3.0,2023-11-24T11:21:21-08:00,gid://shopify/InventoryLevel/95878938789?inventory_item_id=43531418501285,7567307964581,Diamonds are a Girl's Best Friend Bath Bomb,41433274843301,Default Title,,5.00,,,,,,,,,,
43554068758693,61565862053,5.0,2023-10-08T11:35:15-07:00,gid://shopify/InventoryLevel/95878938789?inventory_item_id=43554068758693,7589112119461,Time Capsule- themed Box,41455853240485,Contemporary Romance,,38.00,Bubbles and Books LLC,Bubbles and Books LLC,San Francisco,US,,,,,,True
43554068791461,61565862053,5.0,2023-10-08T11:35:16-07:00,gid://shopify/InventoryLevel/95878938789?inventory_item_id=43554068791461,7589112119461,Time Capsule- themed Box,41455853273253,Historical Romance,,38.00,,,,,,,,,,
43554068824229,61565862053,5.0,2023-10-08T11:35:16-07:00,gid://shopify/InventoryLevel/95878938789?inventory_item_id=43554068824229,7589112119461,Time Capsule- themed Box,41455853306021,Paranormal Romance,,38.00,Bubbles and Books LLC,Bubbles and Books LLC,San Francisco,US,,,,,,
43554068856997,61565862053,4.0,2023-11-28T14:42:05-08:00,gid://shopify/InventoryLevel/95878938789?inventory_item_id=43554068856997,7589112119461,Time Capsule- themed Box,41455853338789,Mystery/Thriller,,38.00,Bubbles and Books LLC,Bubbles and Books LLC,San Francisco,US,,,,,,
43845069406373,61565862053,6.0,2022-07-10T09:45:06-07:00,gid://shopify/InventoryLevel/95878938789?inventory_item_id=43845069406373,7842830975141,The Glittering Hour,41746904809637,Default Title,,6.00,,,,,,4.00,,,,True
43845076484261,61565862053,5.0,2023-10-04T09:32:17-07:00,gid://shopify/InventoryLevel/95878938789?inventory_item_id=43845076484261,7842838479013,Night Shift,41746911887525,Default Title,,5.00,Bubbles and Books LLC,Bubbles and Books LLC,San Francisco,US,,,,,,
43845112561829,61565862053,1.0,2023-11-24T11:27:47-08:00,gid://shopify/InventoryLevel/95878938789?inventory_item_id=43845112561829,7842866069669,Just Watch Me (A Riley Wolfe Novel Book 1),41746947965093,Default Title,,6.00,,,,,,3.99,US,,,True
43845122719909,61565862053,0.0,2024-04-04T22:59:01-07:00,gid://shopify/InventoryLevel/95878938789?inventory_item_id=43845122719909,7842888384677,Meet Me in Barefoot Bay (2-in-1 Edition with Barefoot in the Sand and Barefoot in the Rain,41746958123173,Default Title,,8.00,,,,,,2.00,US,,,True
43845159977125,61565862053,30.0,2023-12-02T15:36:41-08:00,gid://shopify/InventoryLevel/95878938789?inventory_item_id=43845159977125,7842956476581,Watermelon Lemonade Bubble Bath Bar,41746995413157,Default Title,,5.00,,,,,,2.10,US,,,True
43845579243685,61565862053,0.0,2024-04-04T22:58:55-07:00,gid://shopify/InventoryLevel/95878938789?inventory_item_id=43845579243685,7843322921125,The Boy Toy (Late Expectations Book 1),41747414843557,Default Title,,5.00,,,,,,2.00,US,,,True
43845597298853,61565862053,1.0,2023-11-24T11:19:46-08:00,gid://shopify/InventoryLevel/95878938789?inventory_item_id=43845597298853,7843349495973,Dance Upon the Air (Three Sisters Island Book 1),41747432898725,Default Title,,6.00,,,,,,4.00,US,,,True
43845604901029,61565862053,2.0,2023-11-24T11:28:15-08:00,gid://shopify/InventoryLevel/95878938789?inventory_item_id=43845604901029,7843365060773,Little Disasters,41747440500901,Default Title,,5.00,,,,,,,,,,
43845609652389,61565862053,1.0,2023-11-19T15:14:25-08:00,gid://shopify/InventoryLevel/95878938789?inventory_item_id=43845609652389,7843373908133,If I Die Tonight,41747445252261,Default Title,,8.00,Bubbles and Books LLC,Bubbles and Books LLC,San Francisco,US,,4.00,,,,True
43845616173221,61565862053,3.0,2022-11-30T10:13:07-08:00,gid://shopify/InventoryLevel/95878938789?inventory_item_id=43845616173221,7843381313701,The Devil and the Heiress,41747451740325,Default Title,,5.00,,,,,,3.99,US,,,True
43845618204837,61565862053,1.0,2023-12-02T15:35:31-08:00,gid://shopify/InventoryLevel/95878938789?inventory_item_id=43845618204837,7843382395045,The Postscript,41747453771941,Default Title,,6.00,,,,,,3.99,US,,,True
43845622759589,61565862053,3.0,2023-11-24T11:28:00-08:00,gid://shopify/InventoryLevel/95878938789?inventory_item_id=43845622759589,7843389997221,Kiss of Night (Kiss Trilogy Book 1),41747458326693,Default Title,,5.00,,,,,,3.99,US,,,True
43845624856741,61565862053,0.0,2024-04-04T22:57:56-07:00,gid://shopify/InventoryLevel/95878938789?inventory_item_id=43845624856741,7843395928229,The River Home,41747460423845,Default Title,,6.00,,,,,,3.00,,,,True
43896419057829,61565862053,0.0,2023-01-21T11:18:36-08:00,gid://shopify/InventoryLevel/95878938789?inventory_item_id=43896419057829,7892404371621,Sweets & Treats Complete Box,41798104023205,Contemporary Romance,,30.00,,,,,,,,,,
43896419090597,61565862053,0.0,2023-01-21T11:18:36-08:00,gid://shopify/InventoryLevel/95878938789?inventory_item_id=43896419090597,7892404371621,Sweets & Treats Complete Box,41798104055973,Historical Romance,,30.00,Bubbles and Books LLC,Bubbles and Books LLC,San Francisco,US,,,,,,
43896419123365,61565862053,0.0,2023-01-21T11:18:36-08:00,gid://shopify/InventoryLevel/95878938789?inventory_item_id=43896419123365,7892404371621,Sweets & Treats Complete Box,41798104088741,Paranormal Romance,,30.00,Bubbles and Books LLC,Bubbles and Books LLC,San Francisco,US,,,,,,
43896419156133,61565862053,0.0,2023-01-21T11:18:36-08:00,gid://shopify/InventoryLevel/95878938789?inventory_item_id=43896419156133,7892404371621,Sweets & Treats Complete Box,41798104121509,Mystery/Thriller,,30.00,Bubbles and Books LLC,Bubbles and Books LLC,San Francisco,US,,,,,,
43919995928741,61565862053,90.0,2022-08-08T16:32:27-07:00,gid://shopify/InventoryLevel/95878938789?inventory_item_id=43919995928741,7911672905893,Orange Votive Candle and Holder,41821686071461,Default Title,,3.00,,,,,,1.50,US,,,True
43920085713061,61565862053,5.0,2024-01-15T13:32:06-08:00,gid://shopify/InventoryLevel/95878938789?inventory_item_id=43920085713061,7911703445669,The Duke Undone,41821775855781,Default Title,,5.00,Bubbles and Books LLC,Bubbles and Books LLC,San Francisco,US,,,,,,
43920087711909,61565862053,1.0,2023-12-03T05:11:26-08:00,gid://shopify/InventoryLevel/95878938789?inventory_item_id=43920087711909,7911706362021,The Arrangement,41821777854629,Default Title,,5.00,,,,,,3.99,US,,,True
43920108454053,61565862053,0.0,2023-02-26T05:41:01-08:00,gid://shopify/InventoryLevel/95878938789?inventory_item_id=43920108454053,7911716356261,Sage's Eyes,41821798596773,Default Title,,5.00,Bubbles and Books LLC,Bubbles and Books LLC,San Francisco,US,,3.99,,,,True
44026748502181,61565862053,25.0,2023-09-10T05:52:30-07:00,gid://shopify/InventoryLevel/95878938789?inventory_item_id=44026748502181,7996853551269,Cliff's Edge Abyss Soap,41928272019621,Default Title,,2.00,,,,,,,,,,
44026831110309,61565862053,6.0,2023-11-24T11:20:31-08:00,gid://shopify/InventoryLevel/95878938789?inventory_item_id=44026831110309,7996911943845,Dark Witch,41928354627749,Default Title,,5.00,Bubbles and Books LLC,Bubbles and Books LLC,San Francisco,US,,,,,,
44026842316965,61565862053,20.0,2022-09-12T07:50:10-07:00,gid://shopify/InventoryLevel/95878938789?inventory_item_id=44026842316965,7996929966245,Hello Summer (Hardcover),41928365506725,Default Title,,10.00,Bubbles and Books LLC,Bubbles and Books LLC,San Francisco,US,,,,,,
44088092983461,61565862053,1.0,2023-12-02T15:20:06-08:00,gid://shopify/InventoryLevel/95878938789?inventory_item_id=44088092983461,8040118747301,Cousins O'Dwyer Trilogy - Nora Roberts,41989611552933,Default Title,,20.00,Bubbles and Books LLC,Bubbles and Books LLC,San Francisco,US,,,,,,
44101437456549,61565862053,2.0,2023-12-01T06:21:31-08:00,gid://shopify/InventoryLevel/95878938789?inventory_item_id=44101437456549,8052778205349,Pickle Bath Bombs,42002908119205,Default Title,,3.00,Bubbles and Books LLC,Bubbles and Books LLC,San Francisco,US,,,,,,
44101553094821,61565862053,8.0,2023-02-25T10:25:21-08:00,gid://shopify/InventoryLevel/95878938789?inventory_item_id=44101553094821,8052880769189,The Runaway Duchess,42003023757477,Default Title,,6.00,Bubbles and Books LLC,Bubbles and Books LLC,San Francisco,US,,,,,,
44101554307237,61565862053,0.0,2023-01-21T11:06:50-08:00,gid://shopify/InventoryLevel/95878938789?inventory_item_id=44101554307237,8052882833573,The Texan Duke,42003024707749,Default Title,,4.00,,,,,,1.25,,,,True
44135378354341,61565862053,60.0,2022-10-23T15:33:26-07:00,gid://shopify/InventoryLevel/95878938789?inventory_item_id=44135378354341,8089308594341,Spooky Suds Soap,42036900954277,Default Title,,1.50,,,,,,2.00,US,,,True
44138967204005,61565862053,31.0,2024-04-21T10:29:50-07:00,gid://shopify/InventoryLevel/95878938789?inventory_item_id=44138967204005,8092755919013,Mini Moisture Melt,42040466243749,Default Title,,4.00,,,,,,2.00,US,,,True
44138972250277,61565862053,7.0,2023-12-02T15:29:41-08:00,gid://shopify/InventoryLevel/95878938789?inventory_item_id=44138972250277,8092758737061,Microfiber Twist Hair Turban,42040471290021,Default Title,,10.00,,,,,,2.00,,,,True
44138974675109,61565862053,24.0,2024-03-01T06:18:21-08:00,gid://shopify/InventoryLevel/95878938789?inventory_item_id=44138974675109,8092759687333,Exfoliating Body Cleansing Pads,42040473714853,Default Title,,7.00,,,,,,1.50,,,,True
44342280552613,61565862053,15.0,2023-02-20T08:22:46-08:00,gid://shopify/InventoryLevel/95878938789?inventory_item_id=44342280552613,8155134263461,Plastic Logo Travel Mug with Lid,42242902032549,Default Title,,9.00,,,,,,4.50,,,,True
44342290448549,61565862053,0.0,2024-05-07T18:15:22-07:00,gid://shopify/InventoryLevel/95878938789?inventory_item_id=44342290448549,8155135180965,Dangerously Charming,42242911928485,Default Title,,10.00,,,,,,,,,,
44342292021413,61565862053,15.0,2023-12-02T15:20:31-08:00,gid://shopify/InventoryLevel/95878938789?inventory_item_id=44342292021413,8155135738021,Dance Away With Me,42242913501349,Default Title,,5.00,Bubbles and Books LLC,Bubbles and Books LLC,San Francisco,US,,,,,,
44342292283557,61565862053,8.0,2023-02-20T08:30:01-08:00,gid://shopify/InventoryLevel/95878938789?inventory_item_id=44342292283557,8155135869093,The Scot Who Loved Me,42242913763493,Default Title,,5.00,Bubbles and Books LLC,Bubbles and Books LLC,San Francisco,US,,,,,,
44342293594277,61565862053,0.0,2023-02-25T06:04:17-08:00,gid://shopify/InventoryLevel/95878938789?inventory_item_id=44342293594277,8155136098469,The Duke Effect,42242915074213,Default Title,,5.00,Bubbles and Books LLC,Bubbles and Books LLC,San Francisco,US,,,,,,
44342298443941,61565862053,4.0,2023-11-19T15:14:25-08:00,gid://shopify/InventoryLevel/95878938789?inventory_item_id=44342298443941,8155138588837,The Girl in the Rearview Mirror,42242919923877,Default Title,,7.00,,,,,,2.00,,,,True
44342308995237,61565862053,7.0,2023-02-20T08:42:10-08:00,gid://shopify/InventoryLevel/95878938789?inventory_item_id=44342308995237,8155139834021,One Lucky Day,42242930376869,Default Title,,5.00,,,,,,4.00,,,,True
44343161421989,61565862053,1.0,2023-02-21T05:33:24-08:00,gid://shopify/InventoryLevel/95878938789?inventory_item_id=44343161421989,8155392311461,Navidium Shipping Protection,42243784638629,Default,NVDPROTECTION0,2.00,,,,,NVDPROTECTION0,,,,,True
44343161454757,61565862053,-19.0,2023-05-25T18:34:30-07:00,gid://shopify/InventoryLevel/95878938789?inventory_item_id=44343161454757,8155392311461,Navidium Shipping Protection,42243784671397,0.75,NVDPROTECTION1,0.75,,,,,,,,,,
44343161487525,61565862053,-7.0,2023-05-09T18:58:25-07:00,gid://shopify/InventoryLevel/95878938789?inventory_item_id=44343161487525,8155392311461,Navidium Shipping Protection,42243784704165,1.5,NVDPROTECTION2,1.50,Bubbles and Books LLC,Bubbles and Books LLC,San Francisco,US,,,,,,
44343161520293,61565862053,-5.0,2023-05-20T10:43:10-07:00,gid://shopify/InventoryLevel/95878938789?inventory_item_id=44343161520293,8155392311461,Navidium Shipping Protection,42243784736933,2.25,NVDPROTECTION3,2.25,Bubbles and Books LLC,Bubbles and Books LLC,San Francisco,US,,,,,,
44343161553061,61565862053,0.0,2023-06-19T07:22:25-07:00,gid://shopify/InventoryLevel/95878938789?inventory_item_id=44343161553061,8155392311461,Navidium Shipping Protection,42243784769701,3,NVDPROTECTION4,3.00,Bubbles and Books LLC,Bubbles and Books LLC,San Francisco,US,,,,,,
44343161585829,61565862053,1.0,2023-02-21T05:33:10-08:00,gid://shopify/InventoryLevel/95878938789?inventory_item_id=44343161585829,8155392311461,Navidium Shipping Protection,42243784802469,3.75,NVDPROTECTION5,3.75,Bubbles and Books LLC,Bubbles and Books LLC,San Francisco,US,,,,,,
44343161618597,61565862053,1.0,2023-02-21T05:33:12-08:00,gid://shopify/InventoryLevel/95878938789?inventory_item_id=44343161618597,8155392311461,Navidium Shipping Protection,42243784835237,4.5,NVDPROTECTION6,4.50,,,,,NVDPROTECTION6,,,,,True
44343161651365,61565862053,1.0,2023-02-21T05:33:25-08:00,gid://shopify/InventoryLevel/95878938789?inventory_item_id=44343161651365,8155392311461,Navidium Shipping Protection,42243784868005,5.25,NVDPROTECTION7,5.25,,,,,NVDPROTECTION7,,,,,True
44343161684133,61565862053,1.0,2023-02-21T05:33:20-08:00,gid://shopify/InventoryLevel/95878938789?inventory_item_id=44343161684133,8155392311461,Navidium Shipping Protection,42243784900773,6,NVDPROTECTION8,6.00,,,,,,,,,,
44343161716901,61565862053,1.0,2023-02-21T05:33:24-08:00,gid://shopify/InventoryLevel/95878938789?inventory_item_id=44343161716901,8155392311461,Navidium Shipping Protection,42243784933541,6.75,NVDPROTECTION9,6.75,Bubbles and Books LLC,Bubbles and Books LLC,San Francisco,US,,,,,,
44343161749669,61565862053,1.0,2023-02-21T05:33:20-08:00,gid://shopify/InventoryLevel/95878938789?inventory_item_id=44343161749669,8155392311461,Navidium Shipping Protection,42243784966309,7.5,NVDPROTECTION10,7.50,Bubbles and Books LLC,Bubbles and Books LLC,San Francisco,US,,,,,,
44343161782437,61565862053,1.0,2023-02-21T05:33:21-08:00,gid://shopify/InventoryLevel/95878938789?inventory_item_id=44343161782437,8155392311461,Navidium Shipping Protection,42243784999077,8.25,NVDPROTECTION11,8.25,Bubbles and Books LLC,Bubbles and Books LLC,San Francisco,US,,,,,,
44343161815205,61565862053,1.0,2023-02-21T05:33:22-08:00,gid://shopify/InventoryLevel/95878938789?inventory_item_id=44343161815205,8155392311461,Navidium Shipping Protection,42243785031845,9,NVDPROTECTION12,9.00,Bubbles and Books LLC,Bubbles and Books LLC,San Francisco,US,,,,,,
44343161847973,61565862053,1.0,2023-02-21T05:33:16-08:00,gid://shopify/InventoryLevel/95878938789?inventory_item_id=44343161847973,8155392311461,Navidium Shipping Protection,42243785064613,9.75,NVDPROTECTION13,9.75,,,,,NVDPROTECTION13,,,,,True
44343161880741,61565862053,1.0,2023-02-21T05:33:19-08:00,gid://shopify/InventoryLevel/95878938789?inventory_item_id=44343161880741,8155392311461,Navidium Shipping Protection,42243785097381,10.5,NVDPROTECTION14,10.50,,,,,NVDPROTECTION14,,,,,True
44343161913509,61565862053,1.0,2023-02-21T05:33:22-08:00,gid://shopify/InventoryLevel/95878938789?inventory_item_id=44343161913509,8155392311461,Navidium Shipping Protection,42243785130149,11.25,NVDPROTECTION15,11.25,,,,,NVDPROTECTION15,,,,,True
44343161946277,61565862053,1.0,2023-02-21T05:33:20-08:00,gid://shopify/InventoryLevel/95878938789?inventory_item_id=44343161946277,8155392311461,Navidium Shipping Protection,42243785162917,12,NVDPROTECTION16,12.00,,,,,,,,,,
44343161979045,61565862053,1.0,2023-02-21T05:33:19-08:00,gid://shopify/InventoryLevel/95878938789?inventory_item_id=44343161979045,8155392311461,Navidium Shipping Protection,42243785195685,12.75,NVDPROTECTION17,12.75,Bubbles and Books LLC,Bubbles and Books LLC,San Francisco,US,,,,,,
44343162011813,61565862053,1.0,2023-02-21T05:33:18-08:00,gid://shopify/InventoryLevel/95878938789?inventory_item_id=44343162011813,8155392311461,Navidium Shipping Protection,42243785228453,13.5,NVDPROTECTION18,13.50,Bubbles and Books LLC,Bubbles and Books LLC,San Francisco,US,,,,,,
44343162044581,61565862053,1.0,2023-02-21T05:33:15-08:00,gid://shopify/InventoryLevel/95878938789?inventory_item_id=44343162044581,8155392311461,Navidium Shipping Protection,42243785261221,14.25,NVDPROTECTION19,14.25,Bubbles and Books LLC,Bubbles and Books LLC,San Francisco,US,,,,,,
44343162077349,61565862053,1.0,2023-02-21T05:33:13-08:00,gid://shopify/InventoryLevel/95878938789?inventory_item_id=44343162077349,8155392311461,Navidium Shipping Protection,42243785293989,15,NVDPROTECTION20,15.00,,,,,NVDPROTECTION20,,,,,True
44343162110117,61565862053,1.0,2023-02-21T05:33:10-08:00,gid://shopify/InventoryLevel/95878938789?inventory_item_id=44343162110117,8155392311461,Navidium Shipping Protection,42243785326757,15.75,NVDPROTECTION21,15.75,,,,,NVDPROTECTION21,,,,,True
44343162142885,61565862053,1.0,2023-02-21T05:33:25-08:00,gid://shopify/InventoryLevel/95878938789?inventory_item_id=44343162142885,8155392311461,Navidium Shipping Protection,42243785359525,16.5,NVDPROTECTION22,16.50,,,,,NVDPROTECTION22,,,,,True
44343162175653,61565862053,1.0,2023-02-21T05:33:18-08:00,gid://shopify/InventoryLevel/95878938789?inventory_item_id=44343162175653,8155392311461,Navidium Shipping Protection,42243785392293,17.25,NVDPROTECTION23,17.25,,,,,NVDPROTECTION23,,,,,True
44343162208421,61565862053,1.0,2023-02-21T05:33:23-08:00,gid://shopify/InventoryLevel/95878938789?inventory_item_id=44343162208421,8155392311461,Navidium Shipping Protection,42243785425061,18,NVDPROTECTION24,18.00,,,,,NVDPROTECTION24,,,,,True
44343162241189,61565862053,1.0,2023-02-21T05:33:11-08:00,gid://shopify/InventoryLevel/95878938789?inventory_item_id=44343162241189,8155392311461,Navidium Shipping Protection,42243785457829,18.75,NVDPROTECTION25,18.75,,,,,NVDPROTECTION25,,,,,True
44343162273957,61565862053,1.0,2023-02-21T05:33:20-08:00,gid://shopify/InventoryLevel/95878938789?inventory_item_id=44343162273957,8155392311461,Navidium Shipping Protection,42243785490597,19.5,NVDPROTECTION26,19.50,,,,,NVDPROTECTION26,,,,,True
44343162306725,61565862053,1.0,2023-02-21T05:33:23-08:00,gid://shopify/InventoryLevel/95878938789?inventory_item_id=44343162306725,8155392311461,Navidium Shipping Protection,42243785523365,20.25,NVDPROTECTION27,20.25,,,,,,,,,,
44343162339493,61565862053,1.0,2023-02-21T05:33:11-08:00,gid://shopify/InventoryLevel/95878938789?inventory_item_id=44343162339493,8155392311461,Navidium Shipping Protection,42243785556133,21,NVDPROTECTION28,21.00,Bubbles and Books LLC,Bubbles and Books LLC,San Francisco,US,,,,,,
44343162372261,61565862053,1.0,2023-02-21T05:33:18-08:00,gid://shopify/InventoryLevel/95878938789?inventory_item_id=44343162372261,8155392311461,Navidium Shipping Protection,42243785588901,21.75,NVDPROTECTION29,21.75,Bubbles and Books LLC,Bubbles and Books LLC,San Francisco,US,,,,,,
44343162405029,61565862053,1.0,2023-02-21T05:33:19-08:00,gid://shopify/InventoryLevel/95878938789?inventory_item_id=44343162405029,8155392311461,Navidium Shipping Protection,42243785621669,22.5,NVDPROTECTION30,22.50,,,,,NVDPROTECTION30,,,,,True
44343162437797,61565862053,1.0,2023-02-21T05:33:13-08:00,gid://shopify/InventoryLevel/95878938789?inventory_item_id=44343162437797,8155392311461,Navidium Shipping Protection,42243785654437,23.25,NVDPROTECTION31,23.25,,,,,NVDPROTECTION31,,,,,True
44343162470565,61565862053,1.0,2023-02-21T05:33:11-08:00,gid://shopify/InventoryLevel/95878938789?inventory_item_id=44343162470565,8155392311461,Navidium Shipping Protection,42243785687205,24,NVDPROTECTION32,24.00,,,,,NVDPROTECTION32,,,,,True
44343162503333,61565862053,1.0,2023-02-21T05:33:14-08:00,gid://shopify/InventoryLevel/95878938789?inventory_item_id=44343162503333,8155392311461,Navidium Shipping Protection,42243785719973,24.75,NVDPROTECTION33,24.75,,,,,NVDPROTECTION33,,,,,True
44343162536101,61565862053,1.0,2023-02-21T05:33:16-08:00,gid://shopify/InventoryLevel/95878938789?inventory_item_id=44343162536101,8155392311461,Navidium Shipping Protection,42243785752741,25.5,NVDPROTECTION34,25.50,,,,,,,,,,
44343162568869,61565862053,1.0,2023-02-21T05:33:11-08:00,gid://shopify/InventoryLevel/95878938789?inventory_item_id=44343162568869,8155392311461,Navidium Shipping Protection,42243785785509,26.25,NVDPROTECTION35,26.25,Bubbles and Books LLC,Bubbles and Books LLC,San Francisco,US,,,,,,
44343162601637,61565862053,1.0,2023-02-21T05:33:16-08:00,gid://shopify/InventoryLevel/95878938789?inventory_item_id=44343162601637,8155392311461,Navidium Shipping Protection,42243785818277,27,NVDPROTECTION36,27.00,Bubbles and Books LLC,Bubbles and Books LLC,San Francisco,US,,,,,,
44343162634405,61565862053,1.0,2023-02-21T05:33:16-08:00,gid://shopify/InventoryLevel/95878938789?inventory_item_id=44343162634405,8155392311461,Navidium Shipping Protection,42243785851045,27.75,NVDPROTECTION37,27.75,Bubbles and Books LLC,Bubbles and Books LLC,San Francisco,US,,,,,,
44343162667173,61565862053,1.0,2023-02-21T05:33:18-08:00,gid://shopify/InventoryLevel/95878938789?inventory_item_id=44343162667173,8155392311461,Navidium Shipping Protection,42243785883813,28.5,NVDPROTECTION38,28.50,,,,,NVDPROTECTION38,,,,,True
44343162699941,61565862053,1.0,2023-02-21T05:33:16-08:00,gid://shopify/InventoryLevel/95878938789?inventory_item_id=44343162699941,8155392311461,Navidium Shipping Protection,42243785916581,29.25,NVDPROTECTION39,29.25,,,,,NVDPROTECTION39,,,,,True
44343162732709,61565862053,1.0,2023-02-21T05:33:17-08:00,gid://shopify/InventoryLevel/95878938789?inventory_item_id=44343162732709,8155392311461,Navidium Shipping Protection,42243785949349,30,NVDPROTECTION40,30.00,,,,,NVDPROTECTION40,,,,,True
44343162765477,61565862053,1.0,2023-02-21T05:33:15-08:00,gid://shopify/InventoryLevel/95878938789?inventory_item_id=44343162765477,8155392311461,Navidium Shipping Protection,42243785982117,30.75,NVDPROTECTION41,30.75,,,,,,,,,,
44343162798245,61565862053,1.0,2023-02-21T05:33:15-08:00,gid://shopify/InventoryLevel/95878938789?inventory_item_id=44343162798245,8155392311461,Navidium Shipping Protection,42243786014885,31.5,NVDPROTECTION42,31.50,Bubbles and Books LLC,Bubbles and Books LLC,San Francisco,US,,,,,,
44343162831013,61565862053,1.0,2023-02-21T05:33:13-08:00,gid://shopify/InventoryLevel/95878938789?inventory_item_id=44343162831013,8155392311461,Navidium Shipping Protection,42243786047653,32.25,NVDPROTECTION43,32.25,Bubbles and Books LLC,Bubbles and Books LLC,San Francisco,US,,,,,,
44343162863781,61565862053,1.0,2023-02-21T05:33:15-08:00,gid://shopify/InventoryLevel/95878938789?inventory_item_id=44343162863781,8155392311461,Navidium Shipping Protection,42243786080421,33,NVDPROTECTION44,33.00,Bubbles and Books LLC,Bubbles and Books LLC,San Francisco,US,,,,,,
44343162896549,61565862053,1.0,2023-02-21T05:33:17-08:00,gid://shopify/InventoryLevel/95878938789?inventory_item_id=44343162896549,8155392311461,Navidium Shipping Protection,42243786113189,33.75,NVDPROTECTION45,33.75,,,,,NVDPROTECTION45,,,,,True
44343162929317,61565862053,1.0,2023-02-21T05:33:17-08:00,gid://shopify/InventoryLevel/95878938789?inventory_item_id=44343162929317,8155392311461,Navidium Shipping Protection,42243786145957,34.5,NVDPROTECTION46,34.50,,,,,NVDPROTECTION46,,,,,True
44343162962085,61565862053,1.0,2023-02-21T05:33:10-08:00,gid://shopify/InventoryLevel/95878938789?inventory_item_id=44343162962085,8155392311461,Navidium Shipping Protection,42243786178725,35.25,NVDPROTECTION47,35.25,,,,,,,,,,
44343162994853,61565862053,1.0,2023-02-21T05:33:10-08:00,gid://shopify/InventoryLevel/95878938789?inventory_item_id=44343162994853,8155392311461,Navidium Shipping Protection,42243786211493,36,NVDPROTECTION48,36.00,Bubbles and Books LLC,Bubbles and Books LLC,San Francisco,US,,,,,,
44343163027621,61565862053,1.0,2023-02-21T05:33:12-08:00,gid://shopify/InventoryLevel/95878938789?inventory_item_id=44343163027621,8155392311461,Navidium Shipping Protection,42243786244261,36.75,NVDPROTECTION49,36.75,Bubbles and Books LLC,Bubbles and Books LLC,San Francisco,US,,,,,,
44343163060389,61565862053,1.0,2023-02-21T05:33:10-08:00,gid://shopify/InventoryLevel/95878938789?inventory_item_id=44343163060389,8155392311461,Navidium Shipping Protection,42243786277029,37.5,NVDPROTECTION50,37.50,Bubbles and Books LLC,Bubbles and Books LLC,San Francisco,US,,,,,,
44343163093157,61565862053,1.0,2023-02-21T05:33:18-08:00,gid://shopify/InventoryLevel/95878938789?inventory_item_id=44343163093157,8155392311461,Navidium Shipping Protection,42243786309797,38.25,NVDPROTECTION51,38.25,Bubbles and Books LLC,Bubbles and Books LLC,San Francisco,US,,,,,,
44343163125925,61565862053,1.0,2023-02-21T05:33:25-08:00,gid://shopify/InventoryLevel/95878938789?inventory_item_id=44343163125925,8155392311461,Navidium Shipping Protection,42243786342565,39,NVDPROTECTION52,39.00,,,,,NVDPROTECTION52,,,,,True
44343163158693,61565862053,1.0,2023-02-21T05:33:22-08:00,gid://shopify/InventoryLevel/95878938789?inventory_item_id=44343163158693,8155392311461,Navidium Shipping Protection,42243786375333,39.75,NVDPROTECTION53,39.75,,,,,NVDPROTECTION53,,,,,True
44343163191461,61565862053,1.0,2023-02-21T05:33:17-08:00,gid://shopify/InventoryLevel/95878938789?inventory_item_id=44343163191461,8155392311461,Navidium Shipping Protection,42243786408101,40.5,NVDPROTECTION54,40.50,,,,,NVDPROTECTION54,,,,,True
44343163224229,61565862053,1.0,2023-02-21T05:33:12-08:00,gid://shopify/InventoryLevel/95878938789?inventory_item_id=44343163224229,8155392311461,Navidium Shipping Protection,42243786440869,41.25,NVDPROTECTION55,41.25,,,,,,,,,,
44343163256997,61565862053,1.0,2023-02-21T05:33:23-08:00,gid://shopify/InventoryLevel/95878938789?inventory_item_id=44343163256997,8155392311461,Navidium Shipping Protection,42243786473637,42,NVDPROTECTION56,42.00,Bubbles and Books LLC,Bubbles and Books LLC,San Francisco,US,,,,,,
44343163289765,61565862053,1.0,2023-02-21T05:33:15-08:00,gid://shopify/InventoryLevel/95878938789?inventory_item_id=44343163289765,8155392311461,Navidium Shipping Protection,42243786506405,42.75,NVDPROTECTION57,42.75,Bubbles and Books LLC,Bubbles and Books LLC,San Francisco,US,,,,,,
44343163322533,61565862053,1.0,2023-02-21T05:33:12-08:00,gid://shopify/InventoryLevel/95878938789?inventory_item_id=44343163322533,8155392311461,Navidium Shipping Protection,42243786539173,43.5,NVDPROTECTION58,43.50,Bubbles and Books LLC,Bubbles and Books LLC,San Francisco,US,,,,,,
44343163355301,61565862053,1.0,2023-02-21T05:33:15-08:00,gid://shopify/InventoryLevel/95878938789?inventory_item_id=44343163355301,8155392311461,Navidium Shipping Protection,42243786571941,44.25,NVDPROTECTION59,44.25,,,,,NVDPROTECTION59,,,,,True
44343163388069,61565862053,1.0,2023-02-21T05:33:20-08:00,gid://shopify/InventoryLevel/95878938789?inventory_item_id=44343163388069,8155392311461,Navidium Shipping Protection,42243786604709,45,NVDPROTECTION60,45.00,,,,,NVDPROTECTION60,,,,,True
44343163420837,61565862053,1.0,2023-02-21T05:33:18-08:00,gid://shopify/InventoryLevel/95878938789?inventory_item_id=44343163420837,8155392311461,Navidium Shipping Protection,42243786637477,45.75,NVDPROTECTION61,45.75,,,,,NVDPROTECTION61,,,,,True
44343163453605,61565862053,1.0,2023-02-21T05:33:18-08:00,gid://shopify/InventoryLevel/95878938789?inventory_item_id=44343163453605,8155392311461,Navidium Shipping Protection,42243786670245,46.5,NVDPROTECTION62,46.50,,,,,NVDPROTECTION62,,,,,True
44343163486373,61565862053,1.0,2023-02-21T05:33:18-08:00,gid://shopify/InventoryLevel/95878938789?inventory_item_id=44343163486373,8155392311461,Navidium Shipping Protection,42243786703013,47.25,NVDPROTECTION63,47.25,,,,,,,,,,
44343163519141,61565862053,1.0,2023-02-21T05:33:12-08:00,gid://shopify/InventoryLevel/95878938789?inventory_item_id=44343163519141,8155392311461,Navidium Shipping Protection,42243786735781,48,NVDPROTECTION64,48.00,Bubbles and Books LLC,Bubbles and Books LLC,San Francisco,US,,,,,,
44343163551909,61565862053,1.0,2023-02-21T05:33:14-08:00,gid://shopify/InventoryLevel/95878938789?inventory_item_id=44343163551909,8155392311461,Navidium Shipping Protection,42243786768549,48.75,NVDPROTECTION65,48.75,Bubbles and Books LLC,Bubbles and Books LLC,San Francisco,US,,,,,,
44343163584677,61565862053,1.0,2023-02-21T05:33:10-08:00,gid://shopify/InventoryLevel/95878938789?inventory_item_id=44343163584677,8155392311461,Navidium Shipping Protection,42243786801317,49.5,NVDPROTECTION66,49.50,Bubbles and Books LLC,Bubbles and Books LLC,San Francisco,US,,,,,,
44343163617445,61565862053,1.0,2023-02-21T05:33:24-08:00,gid://shopify/InventoryLevel/95878938789?inventory_item_id=44343163617445,8155392311461,Navidium Shipping Protection,42243786834085,50.25,NVDPROTECTION67,50.25,,,,,NVDPROTECTION67,,,,,True
44343163650213,61565862053,1.0,2023-02-21T05:33:18-08:00,gid://shopify/InventoryLevel/95878938789?inventory_item_id=44343163650213,8155392311461,Navidium Shipping Protection,42243786866853,51,NVDPROTECTION68,51.00,,,,,NVDPROTECTION68,,,,,True
44343163682981,61565862053,1.0,2023-02-21T05:33:16-08:00,gid://shopify/InventoryLevel/95878938789?inventory_item_id=44343163682981,8155392311461,Navidium Shipping Protection,42243786899621,51.75,NVDPROTECTION69,51.75,,,,,NVDPROTECTION69,,,,,True
44343163715749,61565862053,1.0,2023-02-21T05:33:10-08:00,gid://shopify/InventoryLevel/95878938789?inventory_item_id=44343163715749,8155392311461,Navidium Shipping Protection,42243786932389,52.5,NVDPROTECTION70,52.50,,,,,,,,,,
44343163748517,61565862053,1.0,2023-02-21T05:33:22-08:00,gid://shopify/InventoryLevel/95878938789?inventory_item_id=44343163748517,8155392311461,Navidium Shipping Protection,42243786965157,53.25,NVDPROTECTION71,53.25,Bubbles and Books LLC,Bubbles and Books LLC,San Francisco,US,,,,,,
44343163781285,61565862053,1.0,2023-02-21T05:33:20-08:00,gid://shopify/InventoryLevel/95878938789?inventory_item_id=44343163781285,8155392311461,Navidium Shipping Protection,42243786997925,54,NVDPROTECTION72,54.00,Bubbles and Books LLC,Bubbles and Books LLC,San Francisco,US,,,,,,
44343163814053,61565862053,1.0,2023-02-21T05:33:13-08:00,gid://shopify/InventoryLevel/95878938789?inventory_item_id=44343163814053,8155392311461,Navidium Shipping Protection,42243787030693,54.75,NVDPROTECTION73,54.75,Bubbles and Books LLC,Bubbles and Books LLC,San Francisco,US,,,,,,
44343163846821,61565862053,1.0,2023-02-21T05:33:21-08:00,gid://shopify/InventoryLevel/95878938789?inventory_item_id=44343163846821,8155392311461,Navidium Shipping Protection,42243787063461,55.5,NVDPROTECTION74,55.50,Bubbles and Books LLC,Bubbles and Books LLC,San Francisco,US,,,,,,
44343163879589,61565862053,1.0,2023-02-21T05:33:23-08:00,gid://shopify/InventoryLevel/95878938789?inventory_item_id=44343163879589,8155392311461,Navidium Shipping Protection,42243787096229,56.25,NVDPROTECTION75,56.25,Bubbles and Books LLC,Bubbles and Books LLC,San Francisco,US,,,,,,
44343163912357,61565862053,1.0,2023-02-21T05:33:10-08:00,gid://shopify/InventoryLevel/95878938789?inventory_item_id=44343163912357,8155392311461,Navidium Shipping Protection,42243787128997,57,NVDPROTECTION76,57.00,Bubbles and Books LLC,Bubbles and Books LLC,San Francisco,US,,,,,,
44343163945125,61565862053,1.0,2023-02-21T05:33:19-08:00,gid://shopify/InventoryLevel/95878938789?inventory_item_id=44343163945125,8155392311461,Navidium Shipping Protection,42243787161765,57.75,NVDPROTECTION77,57.75,Bubbles and Books LLC,Bubbles and Books LLC,San Francisco,US,,,,,,
44343163977893,61565862053,1.0,2023-02-21T05:33:16-08:00,gid://shopify/InventoryLevel/95878938789?inventory_item_id=44343163977893,8155392311461,Navidium Shipping Protection,42243787194533,58.5,NVDPROTECTION78,58.50,,,,,NVDPROTECTION78,,,,,True
44343164010661,61565862053,1.0,2023-02-21T05:33:13-08:00,gid://shopify/InventoryLevel/95878938789?inventory_item_id=44343164010661,8155392311461,Navidium Shipping Protection,42243787227301,59.25,NVDPROTECTION79,59.25,Bubbles and Books LLC,Bubbles and Books LLC,San Francisco,US,,,,,,
44343164043429,61565862053,1.0,2023-02-21T05:33:14-08:00,gid://shopify/InventoryLevel/95878938789?inventory_item_id=44343164043429,8155392311461,Navidium Shipping Protection,42243787260069,60,NVDPROTECTION80,60.00,Bubbles and Books LLC,Bubbles and Books LLC,San Francisco,US,,,,,,
44343164076197,61565862053,1.0,2023-02-21T05:33:17-08:00,gid://shopify/InventoryLevel/95878938789?inventory_item_id=44343164076197,8155392311461,Navidium Shipping Protection,42243787292837,60.75,NVDPROTECTION81,60.75,Bubbles and Books LLC,Bubbles and Books LLC,San Francisco,US,,,,,,
44343164108965,61565862053,1.0,2023-02-21T05:33:23-08:00,gid://shopify/InventoryLevel/95878938789?inventory_item_id=44343164108965,8155392311461,Navidium Shipping Protection,42243787325605,61.5,NVDPROTECTION82,61.50,Bubbles and Books LLC,Bubbles and Books LLC,San Francisco,US,,,,,,
44343164141733,61565862053,1.0,2023-02-21T05:33:17-08:00,gid://shopify/InventoryLevel/95878938789?inventory_item_id=44343164141733,8155392311461,Navidium Shipping Protection,42243787358373,62.25,NVDPROTECTION83,62.25,,,,,NVDPROTECTION83,,,,,True
44343164174501,61565862053,1.0,2023-02-21T05:33:22-08:00,gid://shopify/InventoryLevel/95878938789?inventory_item_id=44343164174501,8155392311461,Navidium Shipping Protection,42243787391141,63,NVDPROTECTION84,63.00,,,,,NVDPROTECTION84,,,,,True
44343164207269,61565862053,1.0,2023-02-21T05:33:17-08:00,gid://shopify/InventoryLevel/95878938789?inventory_item_id=44343164207269,8155392311461,Navidium Shipping Protection,42243787423909,63.75,NVDPROTECTION85,63.75,,,,,NVDPROTECTION85,,,,,True
44343164240037,61565862053,1.0,2023-02-21T05:33:21-08:00,gid://shopify/InventoryLevel/95878938789?inventory_item_id=44343164240037,8155392311461,Navidium Shipping Protection,42243787456677,64.5,NVDPROTECTION86,64.50,,,,,NVDPROTECTION86,,,,,True
44343164272805,61565862053,1.0,2023-02-21T05:33:20-08:00,gid://shopify/InventoryLevel/95878938789?inventory_item_id=44343164272805,8155392311461,Navidium Shipping Protection,42243787489445,65.25,NVDPROTECTION87,65.25,,,,,,,,,,
44343164305573,61565862053,1.0,2023-02-21T05:33:12-08:00,gid://shopify/InventoryLevel/95878938789?inventory_item_id=44343164305573,8155392311461,Navidium Shipping Protection,42243787522213,66,NVDPROTECTION88,66.00,Bubbles and Books LLC,Bubbles and Books LLC,San Francisco,US,,,,,,
44343164338341,61565862053,1.0,2023-02-21T05:33:20-08:00,gid://shopify/InventoryLevel/95878938789?inventory_item_id=44343164338341,8155392311461,Navidium Shipping Protection,42243787554981,66.75,NVDPROTECTION89,66.75,Bubbles and Books LLC,Bubbles and Books LLC,San Francisco,US,,,,,,
44343164371109,61565862053,1.0,2023-02-21T05:33:15-08:00,gid://shopify/InventoryLevel/95878938789?inventory_item_id=44343164371109,8155392311461,Navidium Shipping Protection,42243787587749,67.5,NVDPROTECTION90,67.50,Bubbles and Books LLC,Bubbles and Books LLC,San Francisco,US,,,,,,
44343164403877,61565862053,1.0,2023-02-21T05:33:13-08:00,gid://shopify/InventoryLevel/95878938789?inventory_item_id=44343164403877,8155392311461,Navidium Shipping Protection,42243787620517,68.25,NVDPROTECTION91,68.25,,,,,NVDPROTECTION91,,,,,True
44343164436645,61565862053,1.0,2023-02-21T05:33:20-08:00,gid://shopify/InventoryLevel/95878938789?inventory_item_id=44343164436645,8155392311461,Navidium Shipping Protection,42243787653285,69,NVDPROTECTION92,69.00,,,,,NVDPROTECTION92,,,,,True
44343164469413,61565862053,1.0,2023-02-21T05:33:12-08:00,gid://shopify/InventoryLevel/95878938789?inventory_item_id=44343164469413,8155392311461,Navidium Shipping Protection,42243787686053,69.75,NVDPROTECTION93,69.75,,,,,,,,,,
44343164502181,61565862053,1.0,2023-02-21T05:33:10-08:00,gid://shopify/InventoryLevel/95878938789?inventory_item_id=44343164502181,8155392311461,Navidium Shipping Protection,42243787718821,70.5,NVDPROTECTION94,70.50,Bubbles and Books LLC,Bubbles and Books LLC,San Francisco,US,,,,,,
44343164534949,61565862053,1.0,2023-02-21T05:33:17-08:00,gid://shopify/InventoryLevel/95878938789?inventory_item_id=44343164534949,8155392311461,Navidium Shipping Protection,42243787751589,71.25,NVDPROTECTION95,71.25,Bubbles and Books LLC,Bubbles and Books LLC,San Francisco,US,,,,,,
44343164567717,61565862053,1.0,2023-02-21T05:33:13-08:00,gid://shopify/InventoryLevel/95878938789?inventory_item_id=44343164567717,8155392311461,Navidium Shipping Protection,42243787784357,72,NVDPROTECTION96,72.00,Bubbles and Books LLC,Bubbles and Books LLC,San Francisco,US,,,,,,
44343164600485,61565862053,1.0,2023-02-21T05:33:22-08:00,gid://shopify/InventoryLevel/95878938789?inventory_item_id=44343164600485,8155392311461,Navidium Shipping Protection,42243787817125,72.75,NVDPROTECTION97,72.75,,,,,NVDPROTECTION97,,,,,True
44343164633253,61565862053,1.0,2023-02-21T05:33:15-08:00,gid://shopify/InventoryLevel/95878938789?inventory_item_id=44343164633253,8155392311461,Navidium Shipping Protection,42243787849893,73.5,NVDPROTECTION98,73.50,,,,,NVDPROTECTION98,,,,,True
44343164666021,61565862053,1.0,2023-02-21T05:33:16-08:00,gid://shopify/InventoryLevel/95878938789?inventory_item_id=44343164666021,8155392311461,Navidium Shipping Protection,42243787882661,74.25,NVDPROTECTION99,74.25,,,,,NVDPROTECTION99,,,,,True
44347470381221,61565862053,6.0,2023-11-19T15:14:25-08:00,gid://shopify/InventoryLevel/95878938789?inventory_item_id=44347470381221,8156959277221,The Broken Girls,42248086618277,Default Title,,6.00,,,,,,,,,,
44347470905509,61565862053,6.0,2023-02-25T06:11:33-08:00,gid://shopify/InventoryLevel/95878938789?inventory_item_id=44347470905509,8156959342757,The Villa,42248087142565,Default Title,,5.00,Bubbles and Books LLC,Bubbles and Books LLC,San Francisco,US,,,,,,
44347471921317,61565862053,4.0,2023-11-24T11:29:51-08:00,gid://shopify/InventoryLevel/95878938789?inventory_item_id=44347471921317,8156960129189,Melmoth,42248088158373,Default Title,,5.00,Bubbles and Books LLC,Bubbles and Books LLC,San Francisco,US,,,,,,
44403999801509,61565862053,0.0,2024-05-07T18:19:11-07:00,gid://shopify/InventoryLevel/95878938789?inventory_item_id=44403999801509,8171226202277,Blood of Zeus,42304524353701,Default Title,,11.50,Bubbles and Books LLC,Bubbles and Books LLC,San Francisco,US,,,,,,
44404001898661,61565862053,13.0,2023-04-01T06:14:50-07:00,gid://shopify/InventoryLevel/95878938789?inventory_item_id=44404001898661,8171226693797,Low Country Summer,42304526450853,Default Title,,5.00,,,,,,1.85,,,,True
44479213437093,61565862053,1.0,2023-10-01T11:27:10-07:00,gid://shopify/InventoryLevel/95878938789?inventory_item_id=44479213437093,8199148929189,Flowers & Chocolate Themed Box (Premium),42379540431013,Contemporary Romance,,45.00,,,,,,,,,,True
44479213469861,61565862053,2.0,2023-06-03T05:23:30-07:00,gid://shopify/InventoryLevel/95878938789?inventory_item_id=44479213469861,8199148929189,Flowers & Chocolate Themed Box (Premium),42379540463781,Historical Romance,,45.00,,,,,,,,,,True
44479213502629,61565862053,1.0,2023-08-15T11:27:26-07:00,gid://shopify/InventoryLevel/95878938789?inventory_item_id=44479213502629,8199148929189,Flowers & Chocolate Themed Box (Premium),42379540496549,Paranormal Romance,,45.00,,,,,,,,,,True
44479213535397,61565862053,0.0,2023-11-17T11:18:45-08:00,gid://shopify/InventoryLevel/95878938789?inventory_item_id=44479213535397,8199148929189,Flowers & Chocolate Themed Box (Premium),42379540529317,Mystery/Thriller,,45.00,,,,,,,,,,
44479216255141,61565862053,0.0,2024-04-04T22:57:47-07:00,gid://shopify/InventoryLevel/95878938789?inventory_item_id=44479216255141,8199149813925,Love at the Shore,42379543249061,Default Title,,5.00,Bubbles and Books LLC,Bubbles and Books LLC,San Francisco,US,,,,,,
44479216320677,61565862053,3.0,2023-06-03T05:31:25-07:00,gid://shopify/InventoryLevel/95878938789?inventory_item_id=44479216320677,8199149879461,The Summer House,42379543314597,Default Title,,5.00,Bubbles and Books LLC,Bubbles and Books LLC,San Francisco,US,,,,,,
44479216484517,61565862053,6.0,2023-11-19T15:14:25-08:00,gid://shopify/InventoryLevel/95878938789?inventory_item_id=44479216484517,8199150043301,Goodnight Beautiful,42379543478437,Default Title,,5.00,Bubbles and Books LLC,Bubbles and Books LLC,San Francisco,US,,,,,,
44479216517285,61565862053,4.0,2023-11-19T15:14:25-08:00,gid://shopify/InventoryLevel/95878938789?inventory_item_id=44479216517285,8199150076069,The 9th Girl,42379543511205,Default Title,,5.00,,,,,,1.75,,,,True
44479216779429,61565862053,6.0,2023-11-19T15:14:25-08:00,gid://shopify/InventoryLevel/95878938789?inventory_item_id=44479216779429,8199150239909,Under Your Skin,42379543773349,Default Title,,5.00,,,,,,1.12,,,,True
44479217074341,61565862053,8.0,2023-06-03T05:49:56-07:00,gid://shopify/InventoryLevel/95878938789?inventory_item_id=44479217074341,8199150469285,How to Be a Wallflower,42379544068261,Default Title,,5.00,Bubbles and Books LLC,Bubbles and Books LLC,San Francisco,US,,,,,,
44479217205413,61565862053,13.0,2023-06-03T05:53:10-07:00,gid://shopify/InventoryLevel/95878938789?inventory_item_id=44479217205413,8199150567589,Sweet Tea,42379544199333,Default Title,,4.50,Bubbles and Books LLC,Bubbles and Books LLC,San Francisco,US,,,,,,
44479218024613,61565862053,5.0,2023-06-03T05:59:10-07:00,gid://shopify/InventoryLevel/95878938789?inventory_item_id=44479218024613,8199150928037,Hush,42379545018533,Default Title,,7.00,Bubbles and Books LLC,Bubbles and Books LLC,San Francisco,US,,,,,,
44479233556645,61565862053,9.0,2023-08-12T13:28:10-07:00,gid://shopify/InventoryLevel/95878938789?inventory_item_id=44479233556645,8199152664741,Bath Bakery,42379560452261,Contemporary Romance,,38.00,,,,,,,,,,True
44479233589413,61565862053,10.0,2023-06-03T06:12:45-07:00,gid://shopify/InventoryLevel/95878938789?inventory_item_id=44479233589413,8199152664741,Bath Bakery,42379560485029,Historical Romance,,38.00,,,,,,,,,,True
44479233622181,61565862053,7.0,2023-12-08T11:41:31-08:00,gid://shopify/InventoryLevel/95878938789?inventory_item_id=44479233622181,8199152664741,Bath Bakery,42379560517797,Paranormal Romance,,38.00,,,,,,,,,,True
44479233654949,61565862053,8.0,2023-10-01T11:27:10-07:00,gid://shopify/InventoryLevel/95878938789?inventory_item_id=44479233654949,8199152664741,Bath Bakery,42379560550565,Mystery/Thriller,,38.00,,,,,,,,,,
44479254659237,61565862053,14.0,2023-12-06T07:00:46-08:00,gid://shopify/InventoryLevel/95878938789?inventory_item_id=44479254659237,8199154696357,Oopsie Daisy Bath Bomb,42379581325477,Default Title,,4.00,Bubbles and Books LLC,Bubbles and Books LLC,San Francisco,US,,,,,,
44479255412901,61565862053,5.0,2024-04-21T10:29:50-07:00,gid://shopify/InventoryLevel/95878938789?inventory_item_id=44479255412901,8199154991269,Strawberry Chocolate Moisture Melt,42379582079141,Default Title,,4.00,Bubbles and Books LLC,Bubbles and Books LLC,San Francisco,US,,,,,,
44479261278373,61565862053,10.0,2024-05-07T14:16:05-07:00,gid://shopify/InventoryLevel/95878938789?inventory_item_id=44479261278373,8199155876005,Floral Scented Bath Salts,42379587944613,Default Title,,6.00,Bubbles and Books LLC,Bubbles and Books LLC,San Francisco,US,,,,,,
44479263309989,61565862053,29.0,2024-04-21T10:29:50-07:00,gid://shopify/InventoryLevel/95878938789?inventory_item_id=44479263309989,8199156170917,Chocolate Bath Truffles,42379589976229,Default Title,,5.00,Bubbles and Books LLC,Bubbles and Books LLC,San Francisco,US,,,,,,
44564261634213,61565862053,49.0,2023-10-05T23:11:16-07:00,gid://shopify/InventoryLevel/95878938789?inventory_item_id=44564261634213,8227465232549,Cowgirl 3-Pack Bath Bomb Set,42464079970469,Default Title,,10.00,,,,,,6.00,US,,,True
44564263207077,61565862053,4.0,2024-02-13T11:58:36-08:00,gid://shopify/InventoryLevel/95878938789?inventory_item_id=44564263207077,8227465920677,Personal Humidifier,42464081543333,Default Title,,10.00,,,,,,4.50,US,,,True
44564542029989,61565862053,15.0,2023-07-30T05:41:50-07:00,gid://shopify/InventoryLevel/95878938789?inventory_item_id=44564542029989,8227554918565,Skin Healing Moisture Melt - 2 Pack,42464359350437,Default Title,,7.00,,,,,,,,,,
44575392039077,61565862053,8.0,2023-12-04T06:07:26-08:00,gid://shopify/InventoryLevel/95878938789?inventory_item_id=44575392039077,8230855868581,Relax & Relief,42475072454821,Contemporary Romance,,38.00,Bubbles and Books LLC,Bubbles and Books LLC,San Francisco,US,,,,,,
44575392071845,61565862053,9.0,2023-12-08T13:12:11-08:00,gid://shopify/InventoryLevel/95878938789?inventory_item_id=44575392071845,8230855868581,Relax & Relief,42475072487589,Historical Romance,,38.00,Bubbles and Books LLC,Bubbles and Books LLC,San Francisco,US,,,,,,
44575392104613,61565862053,8.0,2023-09-15T12:42:20-07:00,gid://shopify/InventoryLevel/95878938789?inventory_item_id=44575392104613,8230855868581,Relax & Relief,42475072520357,Paranormal Romance,,38.00,Bubbles and Books LLC,Bubbles and Books LLC,San Francisco,US,,,,,,
44575392137381,61565862053,8.0,2023-12-08T17:13:51-08:00,gid://shopify/InventoryLevel/95878938789?inventory_item_id=44575392137381,8230855868581,Relax & Relief,42475072553125,Mystery/Thriller,,38.00,Bubbles and Books LLC,Bubbles and Books LLC,San Francisco,US,,,,,,
44575393677477,61565862053,12.0,2023-08-06T05:54:40-07:00,gid://shopify/InventoryLevel/95878938789?inventory_item_id=44575393677477,8230856425637,Watermelon Lemonade,42475074093221,Contemporary Romance,,38.00,,,,,,,,,,True
44575393710245,61565862053,12.0,2023-08-06T05:54:40-07:00,gid://shopify/InventoryLevel/95878938789?inventory_item_id=44575393710245,8230856425637,Watermelon Lemonade,42475074125989,Historical Romance,,38.00,,,,,,,,,,True
44575393743013,61565862053,12.0,2023-08-06T05:54:40-07:00,gid://shopify/InventoryLevel/95878938789?inventory_item_id=44575393743013,8230856425637,Watermelon Lemonade,42475074158757,Paranormal Romance,,38.00,,,,,,,,,,True
44575393775781,61565862053,12.0,2023-08-06T05:54:35-07:00,gid://shopify/InventoryLevel/95878938789?inventory_item_id=44575393775781,8230856425637,Watermelon Lemonade,42475074191525,Mystery/Thriller,,38.00,,,,,,,,,,
44575396495525,61565862053,0.0,2024-04-01T22:13:10-07:00,gid://shopify/InventoryLevel/95878938789?inventory_item_id=44575396495525,8230857867429,Aspen Crossroads,42475076911269,Default Title,,9.50,Bubbles and Books LLC,Bubbles and Books LLC,San Francisco,US,,,,,,
44575413928101,61565862053,9.0,2023-11-19T15:14:25-08:00,gid://shopify/InventoryLevel/95878938789?inventory_item_id=44575413928101,8230863700133,The Dry,42475094212773,Default Title,,4.00,Bubbles and Books LLC,Bubbles and Books LLC,San Francisco,US,,,,,,
44575414976677,61565862053,12.0,2023-08-06T06:58:10-07:00,gid://shopify/InventoryLevel/95878938789?inventory_item_id=44575414976677,8230864355493,Hero in the Highlands,42475095261349,Default Title,,5.00,Bubbles and Books LLC,Bubbles and Books LLC,San Francisco,US,,,,,,
44575421169829,61565862053,9.0,2023-08-06T07:09:18-07:00,gid://shopify/InventoryLevel/95878938789?inventory_item_id=44575421169829,8230864945317,Fire Rising,42475101454501,Default Title,,5.00,Bubbles and Books LLC,Bubbles and Books LLC,San Francisco,US,,,,,,
44575421235365,61565862053,4.0,2023-10-05T18:35:21-07:00,gid://shopify/InventoryLevel/95878938789?inventory_item_id=44575421235365,8230865010853,The Dark Heroine,42475101520037,Default Title,,9.00,,,,,,3.00,US,,,True
44602140786853,61565862053,18.0,2023-08-30T21:01:46-07:00,gid://shopify/InventoryLevel/95878938789?inventory_item_id=44602140786853,8237856424101,MYSTERY BOX,42501678268581,Contemporary Romance,,38.00,,,,,,,,,,True
44602140819621,61565862053,18.0,2023-08-30T19:03:30-07:00,gid://shopify/InventoryLevel/95878938789?inventory_item_id=44602140819621,8237856424101,MYSTERY BOX,42501678301349,Historical Romance,,38.00,,,,,,,,,,True
44602140852389,61565862053,18.0,2023-08-25T07:27:21-07:00,gid://shopify/InventoryLevel/95878938789?inventory_item_id=44602140852389,8237856424101,MYSTERY BOX,42501678334117,Paranormal Romance,,38.00,,,,,,,,,,True
44602140885157,61565862053,17.0,2023-08-31T19:39:20-07:00,gid://shopify/InventoryLevel/95878938789?inventory_item_id=44602140885157,8237856424101,MYSTERY BOX,42501678366885,Mystery/Thriller,,38.00,,,,,,,,,,
44620635701413,61565862053,6.0,2023-11-15T04:29:35-08:00,gid://shopify/InventoryLevel/95878938789?inventory_item_id=44620635701413,8245001584805,Pumpkin Pie Truffle,42520080515237,Default Title,,3.00,Bubbles and Books LLC,Bubbles and Books LLC,San Francisco,US,,,,,,
44620638322853,61565862053,64.0,2023-10-05T23:11:16-07:00,gid://shopify/InventoryLevel/95878938789?inventory_item_id=44620638322853,8245002895525,Watermelon Slice Bath Bomb,42520083136677,Default Title,,5.00,Bubbles and Books LLC,Bubbles and Books LLC,San Francisco,US,,,,,,
44620643369125,61565862053,33.0,2023-12-06T07:00:46-08:00,gid://shopify/InventoryLevel/95878938789?inventory_item_id=44620643369125,8245006532773,Macaron With Bubble Frosting,42520088248485,Default Title,,3.00,Bubbles and Books LLC,Bubbles and Books LLC,San Francisco,US,,,,,,
44620645171365,61565862053,0.0,2024-03-12T16:18:31-07:00,gid://shopify/InventoryLevel/95878938789?inventory_item_id=44620645171365,8245006925989,Amaretto Donut Bath Bomb,42520090149029,Default Title,,5.00,Bubbles and Books LLC,Bubbles and Books LLC,San Francisco,US,,,,,,
44620645925029,61565862053,2.0,2023-12-26T05:21:15-08:00,gid://shopify/InventoryLevel/95878938789?inventory_item_id=44620645925029,8245007417509,Lemonade Cocktail Bath Bomb,42520090902693,Default Title,,4.00,,,,,,3.00,US,,,True
44620646383781,61565862053,53.0,2024-04-21T10:29:50-07:00,gid://shopify/InventoryLevel/95878938789?inventory_item_id=44620646383781,8245007777957,Watermelon Glitter Bath Bomb,42520091361445,Default Title,,4.00,,,,,,1.95,US,,,True
44620647006373,61565862053,57.0,2024-04-21T10:29:50-07:00,gid://shopify/InventoryLevel/95878938789?inventory_item_id=44620647006373,8245007909029,Cool Water Bath Bomb,42520091984037,Default Title,,3.50,,,,,,1.95,US,,,True
44620648251557,61565862053,23.0,2024-04-21T10:29:50-07:00,gid://shopify/InventoryLevel/95878938789?inventory_item_id=44620648251557,8245008335013,Sinus Relief Bath Bomb,42520093229221,Default Title,,4.00,,,,,,1.95,US,,,True
44620649234597,61565862053,3.0,2023-12-02T15:23:25-08:00,gid://shopify/InventoryLevel/95878938789?inventory_item_id=44620649234597,8245008728229,Cotton Fields Scrub Soap Bar,42520094212261,Default Title,,3.00,,,,,,,,,,
44620653297829,61565862053,20.0,2023-12-02T15:37:22-08:00,gid://shopify/InventoryLevel/95878938789?inventory_item_id=44620653297829,8245010301093,Zippered Logo Cosmetic Bag,42520098275493,Default Title,,5.00,Bubbles and Books LLC,Bubbles and Books LLC,San Francisco,US,,,,,,
44620909314213,61565862053,37.0,2023-12-05T15:55:25-08:00,gid://shopify/InventoryLevel/95878938789?inventory_item_id=44620909314213,8245054013605,Watermelon Lemonade Bath Salts,42520355111077,Default Title,,4.00,Bubbles and Books LLC,Bubbles and Books LLC,San Francisco,US,,2.00,,,,True
44620909772965,61565862053,3.0,2023-12-01T07:00:28-08:00,gid://shopify/InventoryLevel/95878938789?inventory_item_id=44620909772965,8245054374053,Raspberry Chocolate Indulgence Goat's Milk Bar Soap,42520355569829,Default Title,,5.00,Bubbles and Books LLC,Bubbles and Books LLC,San Francisco,US,,2.00,US,,,True
44620912787621,61565862053,3.0,2024-04-21T10:29:50-07:00,gid://shopify/InventoryLevel/95878938789?inventory_item_id=44620912787621,8245055488165,Library Bliss Soap,42520358584485,Default Title,,4.50,Bubbles and Books LLC,Bubbles and Books LLC,San Francisco,US,,,,,,
44620912984229,61565862053,3.0,2023-12-05T05:36:32-08:00,gid://shopify/InventoryLevel/95878938789?inventory_item_id=44620912984229,8245055684773,Bibliophile Bath Bomb,42520358781093,Default Title,,5.00,Bubbles and Books LLC,Bubbles and Books LLC,San Francisco,US,,,,,,
44620913148069,61565862053,25.0,2023-11-24T10:46:31-08:00,gid://shopify/InventoryLevel/95878938789?inventory_item_id=44620913148069,8245055848613,Booktrovert Bubble Bath Bar,42520358944933,Default Title,,4.50,Bubbles and Books LLC,Bubbles and Books LLC,San Francisco,US,,,,,,
44620913279141,61565862053,3.0,2023-11-07T05:18:08-08:00,gid://shopify/InventoryLevel/95878938789?inventory_item_id=44620913279141,8245056077989,Strawberry Shortcake Whipped Soap,42520359076005,Default Title,,3.00,,,,,,2.00,US,,,True
44620916916389,61565862053,2.0,2023-11-24T11:30:48-08:00,gid://shopify/InventoryLevel/95878938789?inventory_item_id=44620916916389,8245056438437,My Lamp - Mini LED Book Light,42520362713253,Default Title,,4.00,,,,,,1.00,,,,True
44620917145765,61565862053,2.0,2023-12-26T05:17:05-08:00,gid://shopify/InventoryLevel/95878938789?inventory_item_id=44620917145765,8245056569509,Baja Cactus Blossom Fizzing Bath Salts,42520362877093,Default Title,,3.00,,,,,,2.10,,,,True
44620917538981,61565862053,4.0,2023-12-05T05:36:32-08:00,gid://shopify/InventoryLevel/95878938789?inventory_item_id=44620917538981,8245056798885,Cinnamon Bun Bath Truffle,42520363335845,Default Title,,4.00,,,,,,2.10,US,,,True
44642395685029,61565862053,18.0,2024-03-03T12:45:31-08:00,gid://shopify/InventoryLevel/95878938789?inventory_item_id=44642395685029,8253692838053,Sinus Relief Shower Steamers,42542039007397,Default Title,,4.00,,,,,,,,,,
44668232532133,61565862053,10.0,2023-10-08T11:40:55-07:00,gid://shopify/InventoryLevel/95878938789?inventory_item_id=44668232532133,8264703770789,Bubbles Remix - themed Box,42567849312421,Contemporary Romance,,38.00,Bubbles and Books LLC,Bubbles and Books LLC,San Francisco,US,,,,,,
44668232564901,61565862053,10.0,2023-10-08T11:40:55-07:00,gid://shopify/InventoryLevel/95878938789?inventory_item_id=44668232564901,8264703770789,Bubbles Remix - themed Box,42567849345189,Historical Romance,,38.00,Bubbles and Books LLC,Bubbles and Books LLC,San Francisco,US,,,,,,
44668232597669,61565862053,10.0,2023-10-08T11:40:55-07:00,gid://shopify/InventoryLevel/95878938789?inventory_item_id=44668232597669,8264703770789,Bubbles Remix - themed Box,42567849377957,Paranormal Romance,,38.00,Bubbles and Books LLC,Bubbles and Books LLC,San Francisco,US,,,,,,
44668232630437,61565862053,10.0,2023-10-08T11:41:05-07:00,gid://shopify/InventoryLevel/95878938789?inventory_item_id=44668232630437,8264703770789,Bubbles Remix - themed Box,42567849410725,Mystery/Thriller,,38.00,Bubbles and Books LLC,Bubbles and Books LLC,San Francisco,US,,,,,,
44766453989541,61565862053,10.0,2023-11-07T05:12:21-08:00,gid://shopify/InventoryLevel/95878938789?inventory_item_id=44766453989541,8309266874533,Purple Football Bath Bomb,42665911287973,Default Title,,4.00,,,,,,2.50,US,,,True
44766457135269,61565862053,3.0,2023-11-24T11:16:35-08:00,gid://shopify/InventoryLevel/95878938789?inventory_item_id=44766457135269,8309269463205,Beer Mug Bath Bomb,42665914433701,Default Title,,4.00,,,,,,2.75,US,,,True
44766459756709,61565862053,3.0,2023-11-24T11:25:46-08:00,gid://shopify/InventoryLevel/95878938789?inventory_item_id=44766459756709,8309271134373,Game Day Bath Salts,42665917022373,Default Title,,3.00,,,,,,2.10,,,,True
44766463099045,61565862053,9.0,2023-12-05T05:36:39-08:00,gid://shopify/InventoryLevel/95878938789?inventory_item_id=44766463099045,8309273788581,Wednesday Bath Bomb Puck,42665920397477,Default Title,,5.00,,,,,,3.50,US,,,True
44766465687717,61565862053,20.0,2023-11-07T05:25:39-08:00,gid://shopify/InventoryLevel/95878938789?inventory_item_id=44766465687717,8309275885733,Spooktacular Bath Bomb Crumbles,42665922986149,Default Title,,2.25,,,,,,2.10,,,,True
44777406726309,61565862053,7.0,2024-04-01T22:13:11-07:00,gid://shopify/InventoryLevel/95878938789?inventory_item_id=44777406726309,8312923881637,12 Days of Self Care Countdown Box 2023,42676873265317,Contemporary Romance,,89.00,,,,,,,,,,
44777406759077,61565862053,10.0,2023-11-12T07:23:26-08:00,gid://shopify/InventoryLevel/95878938789?inventory_item_id=44777406759077,8312923881637,12 Days of Self Care Countdown Box 2023,42676873298085,Historical Romance,,89.00,Bubbles and Books LLC,Bubbles and Books LLC,San Francisco,US,,,,,,
44777406791845,61565862053,6.0,2023-12-02T11:12:20-08:00,gid://shopify/InventoryLevel/95878938789?inventory_item_id=44777406791845,8312923881637,12 Days of Self Care Countdown Box 2023,42676873330853,Paranormal Romance,,89.00,Bubbles and Books LLC,Bubbles and Books LLC,San Francisco,US,,,,,,
44777406824613,61565862053,7.0,2023-11-30T15:02:55-08:00,gid://shopify/InventoryLevel/95878938789?inventory_item_id=44777406824613,8312923881637,12 Days of Self Care Countdown Box 2023,42676873363621,Mystery & Thrillers,,89.00,Bubbles and Books LLC,Bubbles and Books LLC,San Francisco,US,,,,,,
44777410658469,61565862053,10.0,2023-11-12T07:28:56-08:00,gid://shopify/InventoryLevel/95878938789?inventory_item_id=44777410658469,8312923881637,12 Days of Self Care Countdown Box 2023,42676877197477,Young Adult,,89.00,Bubbles and Books LLC,Bubbles and Books LLC,San Francisco,US,,,,,,
44780791234725,61565862053,11.0,2023-11-15T18:02:05-08:00,gid://shopify/InventoryLevel/95878938789?inventory_item_id=44780791234725,8314948845733,Snowglobe Bath Bomb,42680258855077,Default Title,,9.00,,,,,,5.00,,,,True
44807423131813,61565862053,5.0,2023-11-22T07:54:20-08:00,gid://shopify/InventoryLevel/95878938789?inventory_item_id=44807423131813,8325235966117,Autumn Harvest,42706927190181,Contemporary Romance,,38.00,,,,,,,,,,True
44807423164581,61565862053,5.0,2023-11-22T07:54:20-08:00,gid://shopify/InventoryLevel/95878938789?inventory_item_id=44807423164581,8325235966117,Autumn Harvest,42706927222949,Historical Romance,,38.00,,,,,,,,,,True
44807423197349,61565862053,4.0,2023-11-25T09:09:16-08:00,gid://shopify/InventoryLevel/95878938789?inventory_item_id=44807423197349,8325235966117,Autumn Harvest,42706927255717,Paranormal Romance,,38.00,,,,,,,,,,True
44807423230117,61565862053,5.0,2023-11-22T07:54:20-08:00,gid://shopify/InventoryLevel/95878938789?inventory_item_id=44807423230117,8325235966117,Autumn Harvest,42706927288485,Mystery/Thriller,,38.00,,,,,,,,,,True
44807449280677,61565862053,2.0,2023-11-22T07:54:21-08:00,gid://shopify/InventoryLevel/95878938789?inventory_item_id=44807449280677,8325235966117,Autumn Harvest,42706953339045,Young Adult (YA),,38.00,,,,,,,,,,True
44814307492005,61565862053,15.0,2023-12-02T15:27:45-08:00,gid://shopify/InventoryLevel/95878938789?inventory_item_id=44814307492005,8327309164709,Holiday Drawstring Gift Bag,42713809060005,Default Title,,4.00,,,,,,2.00,,,,True
44837341692069,61565862053,12.0,2023-11-30T15:54:31-08:00,gid://shopify/InventoryLevel/95878938789?inventory_item_id=44837341692069,8335781298341,The High Price of a Good Man,42736747872421,Default Title,,3.50,,,,,,1.50,,,,True
44837341757605,61565862053,12.0,2023-11-30T15:56:56-08:00,gid://shopify/InventoryLevel/95878938789?inventory_item_id=44837341757605,8335781363877,Spellbound,42736747937957,Default Title,,4.00,,,,,,,,,,
44837343133861,61565862053,0.0,2024-04-01T22:13:13-07:00,gid://shopify/InventoryLevel/95878938789?inventory_item_id=44837343133861,8335781920933,A Scot is Not Enough,42736749314213,Default Title,,3.50,Bubbles and Books LLC,Bubbles and Books LLC,San Francisco,US,,,,,,
44837343461541,61565862053,15.0,2023-12-05T05:36:31-08:00,gid://shopify/InventoryLevel/95878938789?inventory_item_id=44837343461541,8335782052005,The Perfect Neighbors,42736749641893,Default Title,,5.00,Bubbles and Books LLC,Bubbles and Books LLC,San Francisco,US,,,,,,
44837343723685,61565862053,20.0,2023-11-30T16:05:26-08:00,gid://shopify/InventoryLevel/95878938789?inventory_item_id=44837343723685,8335782150309,Farm Truck Bath Bomb,42736749904037,Default Title,,6.00,Bubbles and Books LLC,Bubbles and Books LLC,San Francisco,US,,,,,,
44840389148837,61565862053,0.0,2024-04-04T22:59:25-07:00,gid://shopify/InventoryLevel/95878938789?inventory_item_id=44840389148837,8336530669733,Love By Chance,42739796803749,Default Title,,3.00,,,,,,1.37,,,,True
44840389738661,61565862053,0.0,2024-04-04T22:59:20-07:00,gid://shopify/InventoryLevel/95878938789?inventory_item_id=44840389738661,8336530833573,The Way Back Home,42739797393573,Default Title,,9.99,,,,,,1.25,,,,True
44840390099109,61565862053,2.0,2024-01-10T11:09:20-08:00,gid://shopify/InventoryLevel/95878938789?inventory_item_id=44840390099109,8336531128485,I Don't Forgive You,42739797754021,Default Title,,5.00,,,,,,,,,,
44840390852773,61565862053,17.0,2023-12-02T15:13:46-08:00,gid://shopify/InventoryLevel/95878938789?inventory_item_id=44840390852773,8336531292325,The Falling Woman,42739798507685,Default Title,,5.00,Bubbles and Books LLC,Bubbles and Books LLC,San Francisco,US,,1.00,,,,True
44840391737509,61565862053,1.0,2023-12-02T15:15:45-08:00,gid://shopify/InventoryLevel/95878938789?inventory_item_id=44840391737509,8336531554469,The Whisper Network,42739799392421,Default Title,,5.00,,,,,,1.00,,,,True
44840392458405,61565862053,14.0,2023-12-02T15:17:50-08:00,gid://shopify/InventoryLevel/95878938789?inventory_item_id=44840392458405,8336531718309,So I Married a Demon Slayer,42739800113317,Default Title,,3.00,,,,,,,,,,
44840393965733,61565862053,0.0,2024-04-01T22:13:11-07:00,gid://shopify/InventoryLevel/95878938789?inventory_item_id=44840393965733,8336532045989,A Duke Like No Other,42739801686181,Default Title,,3.00,Bubbles and Books LLC,Bubbles and Books LLC,San Francisco,US,,,,,,
44840933163173,61565862053,23.0,2023-12-05T05:36:32-08:00,gid://shopify/InventoryLevel/95878938789?inventory_item_id=44840933163173,8336635658405,The Widow,42740341571749,Default Title,,3.00,Bubbles and Books LLC,Bubbles and Books LLC,San Francisco,US,,,,,,
45088450019493,61565862053,0.0,2024-02-13T11:58:31-08:00,gid://shopify/InventoryLevel/95878938789?inventory_item_id=45088450019493,8402993086629,Convertible Hair Don't Care - Beachy Hair Mist,42987768774821,Default Title,,4.00,Bubbles and Books LLC,Bubbles and Books LLC,San Francisco,US,,,,,,
45102036811941,61565862053,8.0,2024-02-18T06:48:46-08:00,gid://shopify/InventoryLevel/95878938789?inventory_item_id=45102036811941,8411722350757,Citrus Splash,43001371492517,Contemporary Romance,,28.00,Bubbles and Books LLC,Bubbles and Books LLC,San Francisco,US,,,,,,
45102036844709,61565862053,8.0,2024-02-18T06:48:45-08:00,gid://shopify/InventoryLevel/95878938789?inventory_item_id=45102036844709,8411722350757,Citrus Splash,43001371525285,Historical Romance,,28.00,Bubbles and Books LLC,Bubbles and Books LLC,San Francisco,US,,,,,,
45102036877477,61565862053,8.0,2024-02-18T06:48:45-08:00,gid://shopify/InventoryLevel/95878938789?inventory_item_id=45102036877477,8411722350757,Citrus Splash,43001371558053,Paranormal Romance,,28.00,,,,,,,,,,True
45102036910245,61565862053,8.0,2024-02-18T06:48:45-08:00,gid://shopify/InventoryLevel/95878938789?inventory_item_id=45102036910245,8411722350757,Citrus Splash,43001371590821,Mystery/Thriller,,28.00,,,,,,,,,,True
45102042939557,61565862053,5.0,2024-02-18T06:48:47-08:00,gid://shopify/InventoryLevel/95878938789?inventory_item_id=45102042939557,8411722350757,Citrus Splash,43001377620133,Teen/Tween,,28.00,,,,,,,,,,True
45102049460389,61565862053,18.0,2024-04-21T10:29:51-07:00,gid://shopify/InventoryLevel/95878938789?inventory_item_id=45102049460389,8411732246693,Key Lime Moisture Melt,43001384140965,Default Title,,4.00,,,,,,2.00,US,,,True
45102056407205,61565862053,20.0,2024-02-18T06:55:20-08:00,gid://shopify/InventoryLevel/95878938789?inventory_item_id=45102056407205,8411735883941,Tangerine Bath Bomb,43001391087781,Default Title,,4.00,,,,,,1.95,US,,,True
45102059389093,61565862053,20.0,2024-02-18T06:57:31-08:00,gid://shopify/InventoryLevel/95878938789?inventory_item_id=45102059389093,8411738734757,Lemon Popsicle Bath Bomb Dust,43001394069669,Default Title,,2.75,,,,,,1.45,US,,,True
45102063288485,61565862053,20.0,2024-02-18T06:59:37-08:00,gid://shopify/InventoryLevel/95878938789?inventory_item_id=45102063288485,8411742372005,Sweet Orange and Chili Pepper Shower Steamers,43001397969061,Default Title,,4.50,,,,,,,,,,
45102070759589,61565862053,7.0,2024-02-18T07:03:46-08:00,gid://shopify/InventoryLevel/95878938789?inventory_item_id=45102070759589,8411748827301,Citrus Mood Booster Shower Steamer,43001405440165,Default Title,,3.75,Bubbles and Books LLC,Bubbles and Books LLC,San Francisco,US,,,,,,
45260074352805,61565862053,8.0,2024-03-12T16:22:11-07:00,gid://shopify/InventoryLevel/95878938789?inventory_item_id=45260074352805,8459169530021,The Bride,43159272521893,Default Title,,3.00,Bubbles and Books LLC,Bubbles and Books LLC,San Francisco,US,,,,,,
45260086870181,61565862053,0.0,2024-03-12T16:23:50-07:00,gid://shopify/InventoryLevel/95878938789?inventory_item_id=45260086870181,8459173593253,The Golden Hour,43159285072037,Default Title,,5.00,Bubbles and Books LLC,Bubbles and Books LLC,San Francisco,US,,,,,,
45260094210213,61565862053,0.0,2024-04-01T22:13:10-07:00,gid://shopify/InventoryLevel/95878938789?inventory_item_id=45260094210213,8459175952549,A Duke in Time,43159292444837,Default Title,,3.00,,,,,,2.00,,,,True
45260104597669,61565862053,5.0,2024-03-12T16:31:06-07:00,gid://shopify/InventoryLevel/95878938789?inventory_item_id=45260104597669,8459179950245,Did I Say You Could Go?,43159302930597,Default Title,,5.00,Bubbles and Books LLC,Bubbles and Books LLC,San Francisco,US,,,,,,
45260110561445,61565862053,0.0,2024-04-04T22:59:11-07:00,gid://shopify/InventoryLevel/95878938789?inventory_item_id=45260110561445,8459182375077,When We Were Young,43159308894373,Default Title,,3.00,,,,,,0.60,,,,True
45260115116197,61565862053,9.0,2024-03-12T16:35:01-07:00,gid://shopify/InventoryLevel/95878938789?inventory_item_id=45260115116197,8459183784101,Harmony of Lies,43159313449125,Default Title,,5.00,Bubbles and Books LLC,Bubbles and Books LLC,San Francisco,US,,,,,,
45260121145509,61565862053,8.0,2024-03-12T16:37:10-07:00,gid://shopify/InventoryLevel/95878938789?inventory_item_id=45260121145509,8459185717413,Eternally Yours,43159319478437,Default Title,,7.00,Bubbles and Books LLC,Bubbles and Books LLC,San Francisco,US,,,,,,
45301180367013,61565862053,0.0,2024-03-16T21:22:16-07:00,gid://shopify/InventoryLevel/95878938789?inventory_item_id=45301180367013,8466587549861,hello world,43200274628773,Default Title,,100.00,Bubbles and Books LLC,Bubbles and Books LLC,San Francisco,US,,,,,,
45449127362725,61565862053,50.0,2024-04-04T22:08:35-07:00,gid://shopify/InventoryLevel/95878938789?inventory_item_id=45449127362725,8509772497061,Rainbow Pen,43348024197285,Baby Blue,,1.99,Bubbles and Books LLC,Bubbles and Books LLC,San Francisco,US,,,,,,
45449127395493,61565862053,50.0,2024-04-04T22:08:36-07:00,gid://shopify/InventoryLevel/95878938789?inventory_item_id=45449127395493,8509772497061,Rainbow Pen,43348024230053,Pink,,1.99,,,,,,0.40,,,,True
45449127428261,61565862053,50.0,2024-04-04T22:08:36-07:00,gid://shopify/InventoryLevel/95878938789?inventory_item_id=45449127428261,8509772497061,Rainbow Pen,43348024262821,Mint Green,,1.99,,,,,,0.40,,,,True
45449127461029,61565862053,0.0,2024-04-04T22:08:35-07:00,gid://shopify/InventoryLevel/95878938789?inventory_item_id=45449127461029,8509772497061,Rainbow Pen,43348024295589,Red,,1.99,,,,,,0.40,,,,True
45449127493797,61565862053,0.0,2024-04-04T22:08:35-07:00,gid://shopify/InventoryLevel/95878938789?inventory_item_id=45449127493797,8509772497061,Rainbow Pen,43348024328357,Purple,,1.99,,,,,,0.40,,,,True
45449127526565,61565862053,0.0,2024-04-04T22:08:35-07:00,gid://shopify/InventoryLevel/95878938789?inventory_item_id=45449127526565,8509772497061,Rainbow Pen,43348024361125,Yellow,,1.99,,,,,,,,,,
45449127559333,61565862053,0.0,2024-04-04T22:08:35-07:00,gid://shopify/InventoryLevel/95878938789?inventory_item_id=45449127559333,8509772497061,Rainbow Pen,43348024393893,Black,,1.99,Bubbles and Books LLC,Bubbles and Books LLC,San Francisco,US,,,,,,
45449736683685,61565862053,10.0,2024-04-04T22:44:41-07:00,gid://shopify/InventoryLevel/95878938789?inventory_item_id=45449736683685,8510701732005,Cute Cartoon Pen,43348633518245,Rabbit,,4.99,Bubbles and Books LLC,Bubbles and Books LLC,San Francisco,US,,,,,,
45449736716453,61565862053,10.0,2024-04-04T22:44:41-07:00,gid://shopify/InventoryLevel/95878938789?inventory_item_id=45449736716453,8510701732005,Cute Cartoon Pen,43348633583781,Carrot,,4.99,Bubbles and Books LLC,Bubbles and Books LLC,San Francisco,US,,,,,,
45449736749221,61565862053,10.0,2024-04-04T22:44:41-07:00,gid://shopify/InventoryLevel/95878938789?inventory_item_id=45449736749221,8510701732005,Cute Cartoon Pen,43348633616549,Avacado,,4.99,Bubbles and Books LLC,Bubbles and Books LLC,San Francisco,US,,,,,,
45449804808357,61565862053,0.0,2024-04-04T22:52:39-07:00,gid://shopify/InventoryLevel/95878938789?inventory_item_id=45449804808357,8510768021669,Pastel Dreams Journal,43348701675685,Pink,,9.99,Bubbles and Books LLC,Bubbles and Books LLC,San Francisco,US,,,,,,
45449804841125,61565862053,0.0,2024-04-04T22:52:39-07:00,gid://shopify/InventoryLevel/95878938789?inventory_item_id=45449804841125,8510768021669,Pastel Dreams Journal,43348701708453,Mint Green,,9.99,,,,,,0.80,,,,True
45449804873893,61565862053,0.0,2024-04-04T22:52:39-07:00,gid://shopify/InventoryLevel/95878938789?inventory_item_id=45449804873893,8510768021669,Pastel Dreams Journal,43348701741221,Yellow,,9.99,,,,,,0.80,,,,True
45449804906661,61565862053,0.0,2024-04-04T22:52:39-07:00,gid://shopify/InventoryLevel/95878938789?inventory_item_id=45449804906661,8510768021669,Pastel Dreams Journal,43348701773989,Purple,,9.99,,,,,,0.80,,,,True
45449804939429,61565862053,0.0,2024-04-04T22:52:39-07:00,gid://shopify/InventoryLevel/95878938789?inventory_item_id=45449804939429,8510768021669,Pastel Dreams Journal,43348701806757,Baby Blue,,9.99,,,,,,0.80,,,,True
45449804972197,61565862053,0.0,2024-04-04T22:52:39-07:00,gid://shopify/InventoryLevel/95878938789?inventory_item_id=45449804972197,8510768021669,Pastel Dreams Journal,43348701839525,Orange,,9.99,,,,,,,,,,
45449841967269,61565862053,50.0,2024-04-04T23:23:31-07:00,gid://shopify/InventoryLevel/95878938789?inventory_item_id=45449841967269,8510836572325,Handmade Bath Bomb Plumeria,43348738998437,Default Title,,4.00,Bubbles and Books LLC,Bubbles and Books LLC,San Francisco,US,,,,,,
45484801458341,61565862053,20.0,2024-04-07T21:58:55-07:00,gid://shopify/InventoryLevel/95878938789?inventory_item_id=45484801458341,8520178958501,All Your Perfects,43383572856997,Default Title,978-1501171598,10.69,Bubbles and Books LLC,Bubbles and Books LLC,San Francisco,US,,,,,,
45497162367141,61565862053,8.0,2024-04-08T21:09:46-07:00,gid://shopify/InventoryLevel/95878938789?inventory_item_id=45497162367141,8523343954085,The Most Beautiful Girl in Cuba,43395930914981,Default Title,,10.88,Bubbles and Books LLC,Bubbles and Books LLC,San Francisco,US,,,,,,
45497166659749,61565862053,15.0,2024-05-07T18:13:36-07:00,gid://shopify/InventoryLevel/95878938789?inventory_item_id=45497166659749,8523345461413,Acts of Love and War,43395935207589,Default Title,,10.38,Bubbles and Books LLC,Bubbles and Books LLC,San Francisco,US,,,,,,
45521880121509,61565862053,0.0,2024-07-31T23:47:06-07:00,gid://shopify/InventoryLevel/95878938789?inventory_item_id=45521880121509,8531750617253,Mystery & Thriller Standard Box,43420646310053,Default Title,,34.99,Bubbles and Books LLC,Bubbles and Books LLC,San Francisco,US,,,,,,
45835425022117,61565862053,10.0,2024-05-19T19:44:36-07:00,gid://shopify/InventoryLevel/95878938789?inventory_item_id=45835425022117,8650850107557,One-Time Contemporary Romance Standard Box,43734041821349,Default Title,,34.99,,,,,,20.00,,,,True
45835474239653,61565862053,10.0,2024-05-19T19:39:16-07:00,gid://shopify/InventoryLevel/95878938789?inventory_item_id=45835474239653,8650889101477,One-Time Historical Romance Premium Box,43734091038885,Default Title,,49.99,,,,,,25.00,,,,True
45835531878565,61565862053,11.0,2024-05-19T20:04:20-07:00,gid://shopify/InventoryLevel/95878938789?inventory_item_id=45835531878565,8650940612773,One-Time Contemporary Romance Premium Box,43734148710565,Default Title,,49.99,,,,,,25.00,,,,True
45835567431845,61565862053,10.0,2024-05-19T19:40:31-07:00,gid://shopify/InventoryLevel/95878938789?inventory_item_id=45835567431845,8650969383077,One-Time Paranormal Premium Box,43734184231077,Default Title,,49.99,,,,,,25.00,,,,True
45835606327461,61565862053,10.0,2024-05-19T19:42:11-07:00,gid://shopify/InventoryLevel/95878938789?inventory_item_id=45835606327461,8651003560101,One-Time Mystery & Thriller Premium Box,43734223126693,Default Title,,49.99,,,,,,25.00,,,,True
45835695194277,61565862053,10.0,2024-05-19T19:46:15-07:00,gid://shopify/InventoryLevel/95878938789?inventory_item_id=45835695194277,8651077353637,One-Time Surprise Premium Box,43734311993509,Default Title,,49.99,,,,,,25.00,,,,True
45835842289829,61565862053,10.0,2024-05-19T19:53:25-07:00,gid://shopify/InventoryLevel/95878938789?inventory_item_id=45835842289829,8651198693541,One-Time Historical Romance Standard Box,43734459089061,Default Title,,34.99,,,,,,20.00,,,,True
45835875418277,61565862053,10.0,2024-05-19T19:54:41-07:00,gid://shopify/InventoryLevel/95878938789?inventory_item_id=45835875418277,8651227824293,One-Time Mystery & Thriller Standard Box,43734492217509,Default Title,,34.99,,,,,,,,,,
45835898519717,61565862053,10.0,2024-05-19T19:56:00-07:00,gid://shopify/InventoryLevel/95878938789?inventory_item_id=45835898519717,8651248926885,One-Time Paranormal Romance Standard Box,43734515318949,Default Title,,34.99,Bubbles and Books LLC,Bubbles and Books LLC,San Francisco,US,,,,,,
45835939283109,61565862053,10.0,2024-05-19T19:58:07-07:00,gid://shopify/InventoryLevel/95878938789?inventory_item_id=45835939283109,8651285102757,One-Time Surprise Standard Box,43734556082341,Default Title,,34.99,Bubbles and Books LLC,Bubbles and Books LLC,San Francisco,US,,,,,,
46162495307941,61565862053,3.0,2024-07-23T23:17:56-07:00,gid://shopify/InventoryLevel/95878938789?inventory_item_id=46162495307941,8779545641125,One-Time Serenity Spa & Soul Gift Box,44060977594533,Default Title,,54.99,Bubbles and Books LLC,Bubbles and Books LLC,San Francisco,US,,,,,,
46182569476261,61565862053,4.0,2024-07-31T21:03:38-07:00,gid://shopify/InventoryLevel/95878938789?inventory_item_id=46182569476261,8788301578405,3 Months - Premium (Copy) [TEST],44081052975269,Contemporary Romance,,0.49,Bubbles and Books LLC,Bubbles and Books LLC,San Francisco,US,,,,,,
46182569509029,61565862053,4.0,2024-07-31T20:12:18-07:00,gid://shopify/InventoryLevel/95878938789?inventory_item_id=46182569509029,8788301578405,3 Months - Premium (Copy) [TEST],44081053008037,Paranormal Romance,,0.49,,,,,,,US,,,True
46182569541797,61565862053,5.0,2024-07-31T20:12:16-07:00,gid://shopify/InventoryLevel/95878938789?inventory_item_id=46182569541797,8788301578405,3 Months - Premium (Copy) [TEST],44081053040805,Historical Romance,,0.49,,,,,,,US,,,True
46182569574565,61565862053,5.0,2024-07-31T20:12:09-07:00,gid://shopify/InventoryLevel/95878938789?inventory_item_id=46182569574565,8788301578405,3 Months - Premium (Copy) [TEST],44081053073573,Mystery & Thrillers,,0.49,,,,,,,US,,,True
46182569607333,61565862053,5.0,2024-07-31T20:12:10-07:00,gid://shopify/InventoryLevel/95878938789?inventory_item_id=46182569607333,8788301578405,3 Months - Premium (Copy) [TEST],44081053106341,Surprise Box,,0.49,,,,,,65.00,US,,,True
