id,title,vendor,product_type,created_at,updated_at,published_at,tags
6607648096421,The Rakess,Bubbles and Books Shop,Historical Romance Book,2021-03-28T09:57:54-07:00,2024-07-23T21:34:24-07:00,,Historical Romance Books
6610116903077,"Love, Unscripted",Bubbles and Books Shop,Contemporary Romance Book,2021-03-29T08:27:18-07:00,2024-05-13T21:57:33-07:00,,"Contemporary Romance, Love Unscripted, Owen Nicholls"
6610168676517,Leopard's Run,Bubbles and Books Shop,,2021-03-29T08:57:02-07:00,2024-07-23T21:36:24-07:00,2021-10-05T11:13:42-07:00,"Christine Feehan, Leopard's Run, Paranormal Romance Books"
6610520735909,The Taken: Celestial Blues,Bubbles and Books Shop,Paranormal Romance Book,2021-03-29T12:09:52-07:00,2024-07-23T21:36:24-07:00,2021-09-05T10:13:27-07:00,"The Taken, Vicki Pettersson"
6610524897445,Kiss of Pride: A Deadly Angels Book,Bubbles and Books Shop,Paranormal Romance Books,2021-03-29T12:12:09-07:00,2024-05-13T21:55:18-07:00,,"Kiss of Pride, Sandra Hill"
6610594726053,Order of Protection,Bubbles and Books Shop,Contemporary Romance Book,2021-03-29T12:28:32-07:00,2024-07-23T21:34:24-07:00,,"Lexi Blake, Order of Protection"
6610674188453,The Honey Don't List,Bubbles and Books Shop,Contemporary Romance Book,2021-03-29T12:47:33-07:00,2024-07-23T21:36:24-07:00,2021-09-05T10:13:30-07:00,"Christina Lauren, The Honey Dont List"
6627938238629,Bubbles and Books Custom Mug,Bubbles and Books,Mug,2021-04-05T10:12:33-07:00,2024-07-23T21:36:25-07:00,2024-05-06T22:42:37-07:00,other
7016233533605,Contemporary Romance: Premium Box,Bubbles and Books ,,2021-08-31T13:44:59-07:00,2024-07-23T21:36:25-07:00,2021-08-31T13:58:48-07:00,"Contemporary Romance, Premium, subscription"
7025940856997,Paranormal Romance: Standard Box,Bubbles and Books,,2021-09-05T09:06:12-07:00,2024-07-29T21:10:09-07:00,2021-09-05T09:20:08-07:00,"Paranormal Romance, subscription"
7025954291877,Historical Romance: Standard Box,Bubbles and Books,,2021-09-05T09:23:52-07:00,2024-07-29T21:10:10-07:00,2021-09-05T09:28:51-07:00,"Historical Romance, subscription"
7025968480421,Mystery & Thrillers: Standard Box,Bubbles and Books,,2021-09-05T09:59:38-07:00,2024-07-29T21:10:10-07:00,2021-09-05T10:01:55-07:00,"Mysteries and Thrillers, subscription"
7027758694565,Contemporary Romance: Standard Box,Bubbles and Books,,2021-09-06T09:55:18-07:00,2024-07-23T21:36:25-07:00,2021-09-06T09:57:24-07:00,"Contemporary Romance, subscription"
7043922165925,3 Months - Standard Subscriptions,Bubbles and Books,Prepaid Subscriptions,2021-09-13T13:04:46-07:00,2024-07-27T13:05:10-07:00,2023-03-06T15:15:07-08:00,Prepaid standard subscriptions
7043989831845,6 Months - Standard Subscriptions,Bubbles and Books,Prepaid Subscriptions,2021-09-13T13:46:34-07:00,2024-08-09T09:35:12-07:00,2023-02-06T05:42:51-08:00,Prepaid standard subscriptions
7043996975269,12 Months - Standard Subscriptions,Bubbles and Books,,2021-09-13T13:50:28-07:00,2024-07-23T21:36:26-07:00,2023-03-06T15:14:33-08:00,Prepaid standard subscriptions
7046779797669,Historical Romance: Premium Box,Bubbles and Books,,2021-09-15T01:44:20-07:00,2024-07-23T21:36:26-07:00,2021-09-15T01:44:20-07:00,"Historical Romance, Premium, subscription"
7046786318501,Mystery & Thrillers: Premium Box,Bubbles and Books,,2021-09-15T01:57:06-07:00,2024-07-23T21:36:26-07:00,2021-09-15T01:57:06-07:00,"Mysteries and Thrillers, Premium, subscription"
7061908160677,6 Months - Premium,Bubbles and Books,,2021-09-23T08:25:10-07:00,2024-08-03T10:46:26-07:00,2023-03-06T15:14:02-08:00,Prepaid premium subscriptions
7062035857573,12 Months - Premium,Bubbles and Books,,2021-09-23T09:53:29-07:00,2024-08-08T09:35:09-07:00,2023-03-06T15:14:18-08:00,prepaid premium subscriptions
7062039920805,3 Months - Premium,Bubbles and Books,Prepaid Subscriptions,2021-09-23T09:58:57-07:00,2024-07-31T21:57:44-07:00,2023-03-06T15:14:44-08:00,Prepaid premium subscriptions
7078955843749,Paranormal Romance: Premium Box,Bubbles and Books,,2021-09-30T12:01:18-07:00,2024-07-23T21:36:27-07:00,2021-09-30T12:21:07-07:00,"Paranormal Romance, subscription"
7088888479909,12 Days of Self Care Countdown Box,Bubbles and Books ,,2021-10-05T12:17:34-07:00,2024-07-23T21:36:27-07:00,2021-10-05T12:17:36-07:00,
7129627066533,Trick or Read,Bubbles and Books ,,2021-10-23T07:25:56-07:00,2024-07-23T21:36:27-07:00,2023-10-31T06:58:52-07:00,complete boxes
7129833963685,E-Gift Card for Bubbles and Books,Bubbles and Books ,Gift Cards,2021-10-23T08:32:30-07:00,2024-07-23T21:34:27-07:00,,gift cards
7144569077925,Surprise Genre: Standard Box,Bubbles and Books,,2021-10-28T04:07:46-07:00,2024-07-23T21:36:28-07:00,2024-04-10T21:06:35-07:00,"subscription, surprise genre"
7144590049445,Surprise Genre: Premium Box,Bubbles and Books,,2021-10-28T04:15:03-07:00,2024-07-23T21:36:28-07:00,2024-04-10T21:06:42-07:00,"Premium, subscription, surprise genre"
7156831617189,Mojito Bath Bomb Dust,Bubbles and Books,,2021-11-01T13:47:54-07:00,2024-07-23T21:34:27-07:00,,"bath bombs, Bath Products, Bombs and Bubbles"
7200247775397,Sandcastle Beach,Bubbles and Books ,,2021-11-15T10:26:22-08:00,2024-07-23T21:36:28-07:00,2021-11-15T10:26:26-08:00,contemporary romance books
7200258326693,Sunrise Cabin,Bubbles and Books ,,2021-11-15T10:29:08-08:00,2024-07-23T21:34:27-07:00,,contemporary romance books
7200277987493,The Vineyard,Bubbles and Books,,2021-11-15T10:34:23-08:00,2024-07-23T21:36:28-07:00,2021-11-15T10:35:28-08:00,contemporary romance books
7200285360293,Mr. Nice Guy,Bubbles and Books,,2021-11-15T10:36:41-08:00,2024-07-23T21:34:28-07:00,,contemporary romance books
7200296992933,How to Catch a Duke,Bubbles and Books Shop,Historical Romance Book,2021-11-15T10:39:30-08:00,2024-07-23T21:34:28-07:00,,Historical Romance Books
7200329367717,Marry Me at Sundown,Bubbles and Books Shop,Historical Romance Book,2021-11-15T10:47:36-08:00,2024-07-23T21:36:29-07:00,2021-11-15T10:48:50-08:00,Historical Romance Books
7200342638757,Rest in Pieces,Bubbles and Books Shop,,2021-11-15T10:50:40-08:00,2024-07-23T21:36:29-07:00,2021-11-15T10:51:27-08:00,Paranormal Romance Books
7200347848869,Amaryllis,Bubbles and Books Shop,,2021-11-15T10:51:54-08:00,2024-07-23T21:34:28-07:00,,Paranormal Romance Books
7200366624933,Smoke Bitten,Bubbles and Books Shop,,2021-11-15T10:57:15-08:00,2024-07-23T21:34:28-07:00,,Paranormal Romance Books
7215255716005,Mermaid Lagoon Moisture Melt,Bubbles and Books ,,2021-11-19T13:06:41-08:00,2024-07-23T21:34:28-07:00,,"Bombs and Bubbles, Moisture Melt"
7217000415397,How the Dukes Stole Christmas,Bubbles and Books ,,2021-11-20T05:31:16-08:00,2024-07-23T21:36:29-07:00,2021-11-20T05:31:17-08:00,Historical Romance Books
7217004806309,Christmas on Mistletoe Lane,Bubbles and Books Shop,Contemporary Romance Book,2021-11-20T05:33:54-08:00,2024-07-23T21:36:30-07:00,2021-11-20T05:34:50-08:00,
7217016340645,Bath Pillow,Bubbles and Books ,,2021-11-20T05:41:27-08:00,2024-07-23T21:36:30-07:00,2021-11-20T05:41:28-08:00,"gift, gifts"
7432980267173,Super Surprise Soaker Box - Complete Box,Bubbles and Books,,2022-01-24T08:25:50-08:00,2024-07-23T21:34:29-07:00,,complete boxes
7545356320933,Find You First,Bubbles and Books Shop,,2022-03-01T13:10:34-08:00,2024-07-23T21:34:29-07:00,,"Mystery and Thrillers Books, mystery thriller books"
7545385222309,The Returned: An American Faerie Tale,Bubbles and Books ,,2022-03-01T13:25:08-08:00,2024-07-23T21:34:29-07:00,,Paranormal Romance Books
7567307964581,Diamonds are a Girl's Best Friend Bath Bomb,Bubbles and Books ,,2022-03-11T06:28:40-08:00,2024-07-23T21:36:30-07:00,2022-03-11T06:28:41-08:00,"bath bombs, Bath Products, Bombs and Bubbles"
7589112119461,Time Capsule- themed Box,Bubbles and Books,,2022-03-21T08:38:53-07:00,2024-07-23T21:36:31-07:00,2022-03-21T08:47:10-07:00,complete boxes
7842830975141,The Glittering Hour,Bubbles and Books,,2022-07-10T09:34:34-07:00,2024-07-23T21:36:31-07:00,2022-07-10T09:38:40-07:00,Historical Romance Books
7842838479013,Night Shift,Bubbles and Books Shop,,2022-07-10T09:40:02-07:00,2024-07-23T21:34:30-07:00,,Paranormal Romance Books
7842866069669,Just Watch Me (A Riley Wolfe Novel Book 1),Bubbles and Books Shop,,2022-07-10T09:54:43-07:00,2024-07-23T21:36:31-07:00,2022-07-10T09:56:13-07:00,"Mystery and Thrillers Books, mystery thriller books"
7842888384677,Meet Me in Barefoot Bay (2-in-1 Edition with Barefoot in the Sand and Barefoot in the Rain,Bubbles and Books Shop,Contemporary Romance Book,2022-07-10T10:08:36-07:00,2024-07-23T21:36:31-07:00,2023-11-24T11:30:17-08:00,"Amandas Wedding, Jenny Colgan"
7842956476581,Watermelon Lemonade Bubble Bath Bar,Bubbles and Books Shop,,2022-07-10T10:45:57-07:00,2024-07-23T21:36:32-07:00,2023-09-09T13:20:47-07:00,"bath bombs, Bath Products, Bombs and Bubbles, Nana Js Handmades"
7843322921125,The Boy Toy (Late Expectations Book 1),Bubbles and Books Shop,Contemporary Romance Book,2022-07-10T14:19:16-07:00,2024-07-23T21:36:32-07:00,2022-07-10T14:21:20-07:00,"Amandas Wedding, Jenny Colgan"
7843349495973,Dance Upon the Air (Three Sisters Island Book 1),Bubbles and Books Shop,Paranormal Romance Book,2022-07-10T14:31:39-07:00,2024-07-23T21:34:31-07:00,,"Dragon Awakened, Jaime Rush, Paranormal Romance Books"
7843365060773,Little Disasters,Bubbles and Books,,2022-07-10T14:38:06-07:00,2024-07-23T21:34:31-07:00,,mystery thriller books
7843373908133,If I Die Tonight,Bubbles and Books,,2022-07-10T14:42:24-07:00,2024-07-23T21:36:32-07:00,2022-07-10T14:43:38-07:00,mystery thriller books
7843381313701,The Devil and the Heiress,Bubbles and Books Shop,Historical Romance Book,2022-07-10T14:46:19-07:00,2024-07-23T21:36:33-07:00,2022-07-10T14:47:29-07:00,Historical Romance Books
7843382395045,The Postscript,Bubbles and Books Shop,Historical Romance Book,2022-07-10T14:47:58-07:00,2024-07-23T21:36:33-07:00,2022-07-10T14:49:19-07:00,contemporary romance books
7843389997221,Kiss of Night (Kiss Trilogy Book 1),Bubbles and Books Shop,Paranormal Romance Book,2022-07-10T14:52:31-07:00,2024-05-13T21:55:18-07:00,,"Hot and Badgered, Paranormal Romance, Shelly Laurenston"
7843395928229,The River Home,Bubbles and Books,,2022-07-10T14:55:24-07:00,2024-07-23T21:36:33-07:00,2022-07-10T14:57:03-07:00,contemporary romance books
7892404371621,Sweets & Treats Complete Box,Bubbles and Books ,,2022-07-31T07:23:36-07:00,2024-07-23T21:34:32-07:00,,
7911672905893,Orange Votive Candle and Holder,Bubbles and Books ,,2022-08-08T16:32:22-07:00,2024-07-23T21:36:34-07:00,2022-08-08T16:32:23-07:00,
7911703445669,The Duke Undone,Bubbles and Books Shop,Historical Romance Book,2022-08-08T16:49:35-07:00,2024-07-23T21:36:34-07:00,2022-08-08T16:52:18-07:00,Historical Romance Books
7911706362021,The Arrangement,Bubbles and Books Shop,Historical Romance Book,2022-08-08T16:52:38-07:00,2024-07-23T21:36:34-07:00,2023-12-03T05:11:26-08:00,Historical Romance Books
7911716356261,Sage's Eyes,Bubbles and Books,,2022-08-08T16:59:45-07:00,2024-07-23T21:34:32-07:00,,Paranormal Romance Books
7996853551269,Cliff's Edge Abyss Soap,Bubbles and Books,,2022-09-12T07:03:02-07:00,2024-07-23T21:34:32-07:00,,"Bath Products, soap"
7996911943845,Dark Witch,Bubbles and Books Shop,,2022-09-12T07:35:47-07:00,2024-07-23T21:36:35-07:00,2022-09-12T07:37:54-07:00,Paranormal Romance Books
7996929966245,Hello Summer (Hardcover),Bubbles and Books Shop,Contemporary Romance Book,2022-09-12T07:48:54-07:00,2024-07-23T21:36:35-07:00,2022-09-12T07:50:23-07:00,
8040118747301,Cousins O'Dwyer Trilogy - Nora Roberts,Bubbles and Books ,,2022-09-30T11:02:07-07:00,2024-07-23T21:36:35-07:00,2022-09-30T11:02:08-07:00,Paranormal Romance Books
8052778205349,Pickle Bath Bombs,Bubbles and Books,,2022-10-06T07:53:00-07:00,2024-07-23T21:36:35-07:00,2022-10-06T07:55:11-07:00,"bath bombs, Bath Products, Bombs and Bubbles"
8052880769189,The Runaway Duchess,Bubbles and Books,,2022-10-06T08:33:18-07:00,2024-07-23T21:36:36-07:00,2022-10-06T08:35:02-07:00,Historical Romance Books
8052882833573,The Texan Duke,Bubbles and Books,,2022-10-06T08:35:38-07:00,2024-07-23T21:34:33-07:00,,Historical Romance Books
8089308594341,Spooky Suds Soap,Bubbles and Books,,2022-10-23T09:00:05-07:00,2024-07-23T21:34:34-07:00,,soap
8092755919013,Mini Moisture Melt,Bubbles and Books,,2022-10-25T06:27:35-07:00,2024-07-23T21:36:36-07:00,2023-09-10T05:30:07-07:00,"bath bombs, Bombs and Bubbles, Moisture Melt"
8092758737061,Microfiber Twist Hair Turban,Bubbles and Books ,,2022-10-25T06:39:24-07:00,2024-07-23T21:36:36-07:00,2022-10-25T06:39:25-07:00,other
8092759687333,Exfoliating Body Cleansing Pads,Bubbles and Books ,,2022-10-25T06:42:16-07:00,2024-07-23T21:36:36-07:00,2022-10-25T06:42:17-07:00,other
8155134263461,Plastic Logo Travel Mug with Lid,Bubbles and Books ,,2023-02-20T08:22:43-08:00,2024-07-23T21:36:37-07:00,2024-05-06T23:07:59-07:00,other
8155135180965,Dangerously Charming,Bubbles and Books ,,2023-02-20T08:26:26-08:00,2024-07-23T21:36:37-07:00,2023-02-20T08:26:25-08:00,Paranormal Romance Books
8155135738021,Dance Away With Me,Bubbles and Books ,,2023-02-20T08:28:35-08:00,2024-07-23T21:36:37-07:00,2023-02-20T08:28:35-08:00,contemporary romance books
8155135869093,The Scot Who Loved Me,Bubbles and Books ,,2023-02-20T08:30:01-08:00,2024-07-23T21:36:38-07:00,2023-02-20T08:30:01-08:00,Historical Romance Books
8155136098469,The Duke Effect,Bubbles and Books ,,2023-02-20T08:31:18-08:00,2024-07-23T21:34:35-07:00,,"Historical Romance, Historical Romance Books"
8155138588837,The Girl in the Rearview Mirror,Bubbles and Books ,,2023-02-20T08:32:51-08:00,2024-07-23T21:34:35-07:00,,"Mystery and Thrillers Books, mystery thriller books"
8155139834021,One Lucky Day,Bubbles and Books ,,2023-02-20T08:42:09-08:00,2024-07-23T21:36:38-07:00,2023-02-20T08:42:09-08:00,contemporary romance books
8155392311461,Navidium Shipping Protection,Bubbles and Books ,,2023-02-21T05:33:01-08:00,2024-05-07T18:38:19-07:00,,nvd-hidden
8156959277221,The Broken Girls,Bubbles and Books ,,2023-02-25T06:09:52-08:00,2024-07-23T21:36:38-07:00,2023-02-25T06:09:52-08:00,"Mystery and Thrillers Books, mystery thriller books"
8156959342757,The Villa,Bubbles and Books ,,2023-02-25T06:11:28-08:00,2024-07-23T21:36:38-07:00,2023-02-25T06:11:27-08:00,contemporary romance books
8156960129189,Melmoth,Bubbles and Books ,,2023-02-25T06:12:57-08:00,2024-07-23T21:36:39-07:00,2023-02-25T06:12:57-08:00,Paranormal Romance Books
8171226202277,Blood of Zeus,Bubbles and Books Shop,,2023-04-01T06:06:33-07:00,2024-07-23T21:36:39-07:00,2023-04-01T06:09:06-07:00,Paranormal Romance Books
8171226693797,Low Country Summer,Bubbles and Books,,2023-04-01T06:12:13-07:00,2024-07-23T21:36:39-07:00,2023-04-01T06:14:52-07:00,contemporary romance books
8199148929189,Flowers & Chocolate Themed Box (Premium),Bubbles and Books,,2023-06-03T05:13:11-07:00,2024-07-23T21:36:39-07:00,2023-06-03T05:23:27-07:00,complete boxes
8199149813925,Love at the Shore,Bubbles and Books,,2023-06-03T05:27:09-07:00,2024-07-23T21:36:40-07:00,2023-06-03T05:28:46-07:00,contemporary romance books
8199149879461,The Summer House,Bubbles and Books,,2023-06-03T05:30:26-07:00,2024-07-23T21:36:40-07:00,2023-06-03T05:31:30-07:00,contemporary romance books
8199150043301,Goodnight Beautiful,Bubbles and Books,,2023-06-03T05:37:26-07:00,2024-07-23T21:34:37-07:00,,mystery thriller books
8199150076069,The 9th Girl,Bubbles and Books,,2023-06-03T05:39:58-07:00,2024-07-23T21:34:37-07:00,,mystery thriller books
8199150239909,Under Your Skin,Bubbles and Books,,2023-06-03T05:46:09-07:00,2024-07-23T21:36:40-07:00,2023-06-03T05:47:31-07:00,mystery thriller books
8199150469285,How to Be a Wallflower,Bubbles and Books,,2023-06-03T05:48:42-07:00,2024-07-23T21:36:41-07:00,2023-06-03T05:49:56-07:00,Historical Romance Books
8199150567589,Sweet Tea,Bubbles and Books,,2023-06-03T05:51:29-07:00,2024-07-23T21:36:41-07:00,2023-06-03T05:53:12-07:00,contemporary romance books
8199150928037,Hush,Bubbles and Books Shop,,2023-06-03T05:58:20-07:00,2024-07-23T21:36:41-07:00,2023-06-03T05:59:13-07:00,Paranormal Romance Books
8199152664741,Bath Bakery,Bubbles and Books,,2023-06-03T06:06:03-07:00,2024-07-23T21:34:38-07:00,,complete boxes
8199154696357,Oopsie Daisy Bath Bomb,Bubbles and Books,,2023-06-03T06:20:18-07:00,2024-07-23T21:36:41-07:00,2023-06-03T06:22:52-07:00,"bath bombs, Bath Products, Bombs and Bubbles"
8199154991269,Strawberry Chocolate Moisture Melt,Bubbles and Books,,2023-06-03T06:26:57-07:00,2024-07-23T21:36:42-07:00,2023-06-03T06:27:59-07:00,"bath bombs, Bombs and Bubbles, Moisture Melt"
8199155876005,Floral Scented Bath Salts,Bubbles and Books,,2023-06-03T06:50:43-07:00,2024-07-23T21:36:42-07:00,2023-06-03T06:54:56-07:00,bath salts
8199156170917,Chocolate Bath Truffles,Bubbles and Books,,2023-06-03T07:02:25-07:00,2024-07-23T21:36:42-07:00,2023-06-03T07:03:48-07:00,"bath bombs, Bath Products, Bombs and Bubbles"
8227465232549,Cowgirl 3-Pack Bath Bomb Set,Bubbles and Books,,2023-07-29T07:20:31-07:00,2024-07-23T21:36:43-07:00,2023-07-29T07:24:26-07:00,"bath bombs, Bath Products, Bombs and Bubbles"
8227465920677,Personal Humidifier,Bubbles and Books,,2023-07-29T07:36:17-07:00,2024-07-23T21:36:43-07:00,2023-07-29T07:44:06-07:00,other
8227554918565,Skin Healing Moisture Melt - 2 Pack,Bubbles and Books,,2023-07-30T05:39:30-07:00,2024-07-23T21:34:39-07:00,,"bath bombs, Bombs and Bubbles"
8230855868581,Relax & Relief,Bubbles and Books,,2023-08-06T05:44:55-07:00,2024-07-23T21:36:43-07:00,2023-08-06T05:48:32-07:00,complete boxes
8230856425637,Watermelon Lemonade,Bubbles and Books,,2023-08-06T05:52:30-07:00,2024-07-23T21:36:43-07:00,2023-08-06T05:54:41-07:00,complete boxes
8230857867429,Aspen Crossroads,Bubbles and Books,,2023-08-06T06:03:36-07:00,2024-07-23T21:36:44-07:00,2023-08-06T06:05:27-07:00,contemporary romance books
8230863700133,The Dry,Bubbles and Books,,2023-08-06T06:52:49-07:00,2024-07-23T21:36:44-07:00,2023-08-06T06:54:40-07:00,"Mystery and Thrillers Books, mystery thriller books"
8230864355493,Hero in the Highlands,Bubbles and Books,Print Books,2023-08-06T06:56:05-07:00,2024-07-23T21:36:44-07:00,2023-08-06T06:58:19-07:00,"A Lady in Disguise, Historical Romance Books, Lynsay Sands"
8230864945317,Fire Rising,Bubbles and Books Shop,,2023-08-06T07:07:52-07:00,2024-07-23T21:34:40-07:00,,Paranormal Romance Books
8230865010853,The Dark Heroine,Bubbles and Books Shop,,2023-08-06T07:10:28-07:00,2024-07-23T21:34:40-07:00,,Paranormal Romance Books
8237856424101,MYSTERY BOX,Bubbles and Books,,2023-08-24T16:36:28-07:00,2024-07-23T21:36:44-07:00,2023-08-24T16:41:28-07:00,complete boxes
8245001584805,Pumpkin Pie Truffle,Bubbles and Books,,2023-09-09T12:50:12-07:00,2024-07-23T21:34:40-07:00,,"bath bombs, Bath Products, Bombs and Bubbles"
8245002895525,Watermelon Slice Bath Bomb,Bubbles and Books,,2023-09-09T13:06:53-07:00,2024-07-23T21:36:45-07:00,2023-09-09T13:12:25-07:00,"bath bombs, Bath Products, Bombs and Bubbles"
8245006532773,Macaron With Bubble Frosting,Bubbles and Books,,2023-09-09T13:27:29-07:00,2024-07-23T21:36:45-07:00,2023-09-09T13:29:52-07:00,"bath bombs, Bath Products, Bombs and Bubbles"
8245006925989,Amaretto Donut Bath Bomb,Bubbles and Books,,2023-09-09T13:32:24-07:00,2024-07-23T21:34:40-07:00,,"bath bombs, Bath Products, Bombs and Bubbles"
8245007417509,Lemonade Cocktail Bath Bomb,Bubbles and Books,,2023-09-09T13:39:36-07:00,2024-07-23T21:36:45-07:00,2023-09-09T13:41:20-07:00,"bath bombs, Bath Products, Bombs and Bubbles"
8245007777957,Watermelon Glitter Bath Bomb,Bubbles and Books,,2023-09-09T13:43:44-07:00,2024-07-23T21:36:46-07:00,2023-09-09T13:44:28-07:00,"bath bombs, Bath Products, Bombs and Bubbles"
8245007909029,Cool Water Bath Bomb,Bubbles and Books,,2023-09-09T13:48:04-07:00,2024-07-23T21:36:46-07:00,2023-09-09T13:49:45-07:00,"bath bombs, Bath Products, Bombs and Bubbles"
8245008335013,Sinus Relief Bath Bomb,Bubbles and Books,,2023-09-09T13:53:18-07:00,2024-07-23T21:36:46-07:00,2023-09-09T13:54:27-07:00,"bath bombs, Bath Products, Bombs and Bubbles"
8245008728229,Cotton Fields Scrub Soap Bar,Bubbles and Books,,2023-09-09T13:59:31-07:00,2024-07-23T21:36:47-07:00,2023-09-09T14:01:30-07:00,soap
8245010301093,Zippered Logo Cosmetic Bag,Bubbles and Books,,2023-09-09T14:14:44-07:00,2024-07-23T21:36:47-07:00,2023-09-09T14:15:56-07:00,other
8245054013605,Watermelon Lemonade Bath Salts,Bubbles and Books,,2023-09-10T05:46:24-07:00,2024-07-23T21:36:47-07:00,2023-09-10T05:50:46-07:00,bath salts
8245054374053,Raspberry Chocolate Indulgence Goat's Milk Bar Soap,Bubbles and Books,,2023-09-10T05:52:47-07:00,2024-07-23T21:36:47-07:00,2023-09-10T05:54:45-07:00,"Bath Products, soap"
8245055488165,Library Bliss Soap,Bubbles and Books,,2023-09-10T06:08:56-07:00,2024-07-23T21:36:48-07:00,2023-09-10T06:11:31-07:00,"Bath Products, soap"
8245055684773,Bibliophile Bath Bomb,Bubbles and Books,,2023-09-10T06:13:32-07:00,2024-05-13T22:05:45-07:00,,"bath bombs, Bath Products, Bombs and Bubbles"
8245055848613,Booktrovert Bubble Bath Bar,Bubbles and Books Shop,,2023-09-10T06:18:07-07:00,2024-07-23T21:36:48-07:00,2023-09-10T06:20:20-07:00,"bath bombs, Bath Products, Bombs and Bubbles, Nana Js Handmades"
8245056077989,Strawberry Shortcake Whipped Soap,Bubbles and Books,,2023-09-10T06:21:18-07:00,2024-07-23T21:36:48-07:00,2023-09-10T06:24:24-07:00,"Bath Products, soap"
8245056438437,My Lamp - Mini LED Book Light,Bubbles and Books,,2023-09-10T06:29:04-07:00,2024-07-23T21:36:48-07:00,2023-09-10T06:30:53-07:00,other
8245056569509,Baja Cactus Blossom Fizzing Bath Salts,Bubbles and Books,,2023-09-10T06:36:42-07:00,2024-07-23T21:36:49-07:00,2023-09-10T06:43:25-07:00,bath salts
8245056798885,Cinnamon Bun Bath Truffle,Bubbles and Books,,2023-09-10T06:46:05-07:00,2024-07-23T21:36:49-07:00,2023-12-02T15:25:59-08:00,"Bombs and Bubbles, Moisture Melt"
8253692838053,Sinus Relief Shower Steamers,Bubbles and Books,,2023-09-27T11:33:37-07:00,2024-07-23T21:36:49-07:00,2023-09-27T11:35:35-07:00,"Bath Products, shower, shower steamers, soap"
8264703770789,Bubbles Remix - themed Box,Bubbles and Books,,2023-10-08T11:35:41-07:00,2024-07-23T21:36:49-07:00,2023-10-08T11:41:16-07:00,complete boxes
8309266874533,Purple Football Bath Bomb,Bubbles and Books,,2023-11-07T05:10:37-08:00,2024-07-23T21:36:50-07:00,2023-11-07T05:12:32-08:00,"bath bombs, Bath Products, Bombs and Bubbles"
8309269463205,Beer Mug Bath Bomb,Bubbles and Books,,2023-11-07T05:13:24-08:00,2024-07-23T21:36:50-07:00,2023-11-07T05:14:27-08:00,"bath bombs, Bath Products, Bombs and Bubbles"
8309271134373,Game Day Bath Salts,Bubbles and Books,,2023-11-07T05:15:10-08:00,2024-07-23T21:36:50-07:00,2023-11-07T05:18:14-08:00,bath salts
8309273788581,Wednesday Bath Bomb Puck,Bubbles and Books,,2023-11-07T05:20:18-08:00,2024-07-23T21:36:50-07:00,2023-11-07T05:21:41-08:00,"bath bombs, Bath Products, Bombs and Bubbles"
8309275885733,Spooktacular Bath Bomb Crumbles,Bubbles and Books,,2023-11-07T05:24:16-08:00,2024-07-23T21:36:51-07:00,2023-11-07T05:25:53-08:00,bath salts
8312923881637,12 Days of Self Care Countdown Box 2023,Bubbles and Books,,2023-11-12T07:21:06-08:00,2024-07-23T21:36:51-07:00,2023-11-12T07:38:31-08:00,"complete boxes, gifts"
8314948845733,Snowglobe Bath Bomb,Bubbles and Books ,,2023-11-13T15:25:16-08:00,2024-07-23T21:36:51-07:00,2023-11-13T15:30:38-08:00,Bombs and Bubbles
8325235966117,Autumn Harvest,Bubbles and Books,,2023-11-22T07:46:16-08:00,2024-07-23T21:36:51-07:00,2023-11-22T07:54:19-08:00,complete boxes
8327309164709,Holiday Drawstring Gift Bag,Bubbles and Books ,,2023-11-24T11:51:34-08:00,2024-05-07T15:26:17-07:00,,other
8335781298341,The High Price of a Good Man,Bubbles and Books,,2023-11-30T15:52:55-08:00,2024-07-23T21:36:52-07:00,2023-11-30T15:54:40-08:00,contemporary romance books
8335781363877,Spellbound,Bubbles and Books Shop,,2023-11-30T15:55:41-08:00,2024-07-23T21:36:52-07:00,2023-11-30T15:57:00-08:00,Paranormal Romance Books
8335781920933,A Scot is Not Enough,Bubbles and Books,,2023-11-30T15:58:33-08:00,2024-07-23T21:36:52-07:00,2023-11-30T15:59:18-08:00,Historical Romance Books
8335782052005,The Perfect Neighbors,Bubbles and Books,,2023-11-30T16:00:41-08:00,2024-07-23T21:36:53-07:00,2023-11-30T16:01:28-08:00,"Mystery and Thrillers Books, mystery thriller books"
8335782150309,Farm Truck Bath Bomb,Bubbles and Books,,2023-11-30T16:03:37-08:00,2024-07-23T21:36:53-07:00,2023-11-30T16:06:44-08:00,"bath bombs, Bath Products, Bombs and Bubbles"
8336530669733,Love By Chance,Bubbles and Books,,2023-12-02T15:03:44-08:00,2024-07-23T21:36:53-07:00,2023-12-02T15:05:30-08:00,contemporary romance books
8336530833573,The Way Back Home,Bubbles and Books,,2023-12-02T15:06:17-08:00,2024-07-23T21:36:53-07:00,2023-12-02T15:08:06-08:00,contemporary romance books
8336531128485,I Don't Forgive You,Bubbles and Books,,2023-12-02T15:08:37-08:00,2024-07-23T21:34:45-07:00,,"Mystery and Thrillers Books, mystery thriller books"
8336531292325,The Falling Woman,Bubbles and Books,,2023-12-02T15:12:15-08:00,2024-07-23T21:36:54-07:00,2023-12-02T15:13:49-08:00,"Mystery and Thrillers Books, mystery thriller books"
8336531554469,The Whisper Network,Bubbles and Books,,2023-12-02T15:15:01-08:00,2024-07-23T21:36:54-07:00,2023-12-02T15:15:48-08:00,"Mystery and Thrillers Books, mystery thriller books"
8336531718309,So I Married a Demon Slayer,Bubbles and Books Shop,,2023-12-02T15:17:04-08:00,2024-07-23T21:36:54-07:00,2023-12-02T15:17:56-08:00,Paranormal Romance Books
8336532045989,A Duke Like No Other,Bubbles and Books,,2023-12-02T15:21:32-08:00,2024-07-23T21:36:55-07:00,2023-12-02T15:22:52-08:00,Historical Romance Books
8336635658405,The Widow,Bubbles and Books,,2023-12-03T05:04:27-08:00,2024-07-23T21:36:55-07:00,2023-12-03T05:07:27-08:00,mystery thriller books
8402993086629,Convertible Hair Don't Care - Beachy Hair Mist,Bubbles and Books ,,2024-02-13T04:16:03-08:00,2024-07-23T21:36:55-07:00,2024-02-13T04:16:03-08:00,other
8411722350757,Citrus Splash,Bubbles and Books,,2024-02-18T06:45:12-08:00,2024-07-23T21:36:55-07:00,2024-02-18T06:48:42-08:00,complete boxes
8411732246693,Key Lime Moisture Melt,Bubbles and Books,,2024-02-18T06:51:48-08:00,2024-07-23T21:36:56-07:00,2024-02-18T06:52:38-08:00,"bath bombs, Bombs and Bubbles, Moisture Melt"
8411735883941,Tangerine Bath Bomb,Bubbles and Books,,2024-02-18T06:53:53-08:00,2024-07-23T21:36:56-07:00,2024-02-18T06:55:39-08:00,"bath bombs, Bath Products, Bombs and Bubbles"
8411738734757,Lemon Popsicle Bath Bomb Dust,Bubbles and Books,,2024-02-18T06:55:54-08:00,2024-07-23T21:36:56-07:00,2024-02-18T06:57:35-08:00,"bath bombs, Bath Products, Bombs and Bubbles"
8411742372005,Sweet Orange and Chili Pepper Shower Steamers,Bubbles and Books,,2024-02-18T06:58:25-08:00,2024-07-23T21:36:56-07:00,2024-02-18T06:59:44-08:00,"Bath Products, shower, shower steamers, soap"
8411748827301,Citrus Mood Booster Shower Steamer,Bubbles and Books,,2024-02-18T07:02:53-08:00,2024-07-23T21:36:57-07:00,2024-02-18T07:03:54-08:00,"Bath Products, shower, shower steamers, soap"
8459169530021,The Bride,Bubbles and Books,,2024-03-12T16:19:41-07:00,2024-07-23T21:36:57-07:00,2024-03-12T16:22:17-07:00,Historical Romance Books
8459173593253,The Golden Hour,Bubbles and Books,,2024-03-12T16:23:50-07:00,2024-07-23T21:36:57-07:00,2024-03-12T16:25:06-07:00,Historical Romance Books
8459175952549,A Duke in Time,Bubbles and Books,,2024-03-12T16:26:10-07:00,2024-07-23T21:36:58-07:00,2024-03-12T16:27:44-07:00,Historical Romance Books
8459179950245,Did I Say You Could Go?,Bubbles and Books,,2024-03-12T16:30:05-07:00,2024-07-23T21:36:58-07:00,2024-03-12T16:31:15-07:00,"Mystery and Thrillers Books, mystery thriller books"
8459182375077,When We Were Young,Bubbles and Books,,2024-03-12T16:32:30-07:00,2024-07-23T21:36:58-07:00,2024-03-12T16:33:15-07:00,contemporary romance books
8459183784101,Harmony of Lies,Bubbles and Books Shop,,2024-03-12T16:33:47-07:00,2024-07-23T21:36:59-07:00,2024-03-12T16:35:03-07:00,Paranormal Romance Books
8459185717413,Eternally Yours,Bubbles and Books Shop,,2024-03-12T16:35:30-07:00,2024-07-23T21:36:59-07:00,2024-03-12T16:37:17-07:00,Paranormal Romance Books
8466587549861,hello world,Bubbles and Books ,,2024-03-16T21:22:16-07:00,2024-05-13T21:55:14-07:00,,
8509772497061,Rainbow Pen,Bubbles and Books ,,2024-04-04T21:56:42-07:00,2024-07-23T21:36:59-07:00,2024-04-04T21:56:42-07:00,
8510701732005,Cute Cartoon Pen,Bubbles and Books ,,2024-04-04T22:44:37-07:00,2024-07-23T21:36:59-07:00,2024-04-04T22:44:37-07:00,
8510768021669,Pastel Dreams Journal,Bubbles and Books ,,2024-04-04T22:51:17-07:00,2024-07-23T21:37:00-07:00,2024-04-04T22:51:17-07:00,
8510836572325,Handmade Bath Bomb Plumeria,Bubbles and Books ,,2024-04-04T23:21:31-07:00,2024-07-23T21:37:00-07:00,2024-04-04T23:21:31-07:00,
8520178958501,All Your Perfects,Bubbles and Books ,,2024-04-07T21:56:57-07:00,2024-07-23T21:37:00-07:00,2024-04-07T21:56:57-07:00,
8523343954085,The Most Beautiful Girl in Cuba,Bubbles and Books ,,2024-04-08T21:09:04-07:00,2024-07-23T21:37:00-07:00,2024-04-08T21:09:04-07:00,
8523345461413,Acts of Love and War,Bubbles and Books ,,2024-04-08T21:14:50-07:00,2024-07-23T21:37:01-07:00,2024-04-08T21:14:50-07:00,
8531750617253,Mystery & Thriller Standard Box,Bubbles and Books ,,2024-04-10T21:01:06-07:00,2024-07-31T23:47:06-07:00,2024-04-10T21:01:06-07:00,
8650850107557,One-Time Contemporary Romance Standard Box,Bubbles and Books ,,2024-05-19T19:34:08-07:00,2024-07-23T21:37:01-07:00,2024-05-19T19:34:08-07:00,
8650889101477,One-Time Historical Romance Premium Box,Bubbles and Books ,,2024-05-19T19:36:16-07:00,2024-07-23T21:37:01-07:00,2024-05-19T19:36:16-07:00,
8650940612773,One-Time Contemporary Romance Premium Box,Bubbles and Books ,,2024-05-19T19:38:38-07:00,2024-07-23T21:37:02-07:00,2024-05-19T19:38:38-07:00,
8650969383077,One-Time Paranormal Premium Box,Bubbles and Books ,,2024-05-19T19:40:27-07:00,2024-07-23T21:37:02-07:00,2024-05-19T19:40:27-07:00,
8651003560101,One-Time Mystery & Thriller Premium Box,Bubbles and Books ,,2024-05-19T19:42:09-07:00,2024-07-23T21:37:02-07:00,2024-05-19T19:42:09-07:00,
8651077353637,One-Time Surprise Premium Box,Bubbles and Books ,,2024-05-19T19:46:12-07:00,2024-07-23T21:37:03-07:00,2024-05-19T19:46:12-07:00,
8651198693541,One-Time Historical Romance Standard Box,Bubbles and Books ,,2024-05-19T19:53:21-07:00,2024-07-23T21:37:03-07:00,2024-05-19T19:53:21-07:00,
8651227824293,One-Time Mystery & Thriller Standard Box,Bubbles and Books ,,2024-05-19T19:54:37-07:00,2024-07-23T21:37:03-07:00,2024-05-19T19:54:37-07:00,
8651248926885,One-Time Paranormal Romance Standard Box,Bubbles and Books ,,2024-05-19T19:55:57-07:00,2024-07-23T21:37:04-07:00,2024-05-19T19:55:57-07:00,
8651285102757,One-Time Surprise Standard Box,Bubbles and Books ,,2024-05-19T19:57:55-07:00,2024-07-23T21:37:04-07:00,2024-05-19T19:57:55-07:00,
8779545641125,One-Time Serenity Spa & Soul Gift Box,Bubbles and Books ,,2024-07-23T23:17:51-07:00,2024-07-26T19:25:23-07:00,2024-07-26T16:02:54-07:00,
8788301578405,3 Months - Premium (Copy) [TEST],Bubbles and Books,Prepaid Subscriptions,2024-07-31T20:12:04-07:00,2024-07-31T21:05:57-07:00,2024-07-31T20:12:47-07:00,Prepaid premium subscriptions
